dataset,task,metric,fold,model,value
evons,disinformation,accuracy,1,mlp_bert,0.9794019576207379
evons,disinformation,f1,1,mlp_bert,0.977309082291605
evons,disinformation,precision,1,mlp_bert,0.9908697741470447
evons,disinformation,recall,1,mlp_bert,0.964114552893045
evons,disinformation,auc,1,mlp_bert,0.9982272294102096
evons,disinformation,accuracy,2,mlp_bert,0.9805313542002797
evons,disinformation,f1,2,mlp_bert,0.9786682380671774
evons,disinformation,precision,2,mlp_bert,0.9868092691622103
evons,disinformation,recall,2,mlp_bert,0.9706604324956166
evons,disinformation,auc,2,mlp_bert,0.9979451151613324
evons,disinformation,accuracy,3,mlp_bert,0.9838119823599011
evons,disinformation,f1,3,mlp_bert,0.9824786076023051
evons,disinformation,precision,3,mlp_bert,0.9785482374768089
evons,disinformation,recall,3,mlp_bert,0.9864406779661017
evons,disinformation,auc,3,mlp_bert,0.9987095447567462
evons,disinformation,accuracy,4,mlp_bert,0.9858556523609766
evons,disinformation,f1,4,mlp_bert,0.9845630099195868
evons,disinformation,precision,4,mlp_bert,0.9887998113652441
evons,disinformation,recall,4,mlp_bert,0.9803623611922853
evons,disinformation,auc,4,mlp_bert,0.998874779942095
evons,disinformation,accuracy,5,mlp_bert,0.984080886307411
evons,disinformation,f1,5,mlp_bert,0.9825964252116651
evons,disinformation,precision,5,mlp_bert,0.9885247841003194
evons,disinformation,recall,5,mlp_bert,0.976738749269433
evons,disinformation,auc,5,mlp_bert,0.998819053383214
evons,disinformation,accuracy,6,mlp_bert,0.983865763149403
evons,disinformation,f1,6,mlp_bert,0.9824067558057706
evons,disinformation,precision,6,mlp_bert,0.985759679887019
evons,disinformation,recall,6,mlp_bert,0.9790765634132087
evons,disinformation,auc,6,mlp_bert,0.9987091255849704
evons,disinformation,accuracy,7,mlp_bert,0.9808540389372916
evons,disinformation,f1,7,mlp_bert,0.9789548356585481
evons,disinformation,precision,7,mlp_bert,0.9903121636167922
evons,disinformation,recall,7,mlp_bert,0.9678550555230859
evons,disinformation,auc,7,mlp_bert,0.998668733726893
evons,disinformation,accuracy,8,mlp_bert,0.9815531892008175
evons,disinformation,f1,8,mlp_bert,0.9800824574647233
evons,disinformation,precision,8,mlp_bert,0.973805677359797
evons,disinformation,recall,8,mlp_bert,0.9864406779661017
evons,disinformation,auc,8,mlp_bert,0.9984942418314918
evons,disinformation,accuracy,9,mlp_bert,0.9829514897278692
evons,disinformation,f1,9,mlp_bert,0.9813408676202249
evons,disinformation,precision,9,mlp_bert,0.9883803651885227
evons,disinformation,recall,9,mlp_bert,0.9744009351256575
evons,disinformation,auc,9,mlp_bert,0.9987419607074198
evons,disinformation,accuracy,10,mlp_bert,0.9798322039367537
evons,disinformation,f1,10,mlp_bert,0.9783624718712134
evons,disinformation,precision,10,mlp_bert,0.9660437556973565
evons,disinformation,recall,10,mlp_bert,0.9909994155464641
evons,disinformation,auc,10,mlp_bert,0.9987934606175599
evons,disinformation,accuracy,1,logreg_bert,0.9714961815639453
evons,disinformation,f1,1,logreg_bert,0.9688565048771889
evons,disinformation,precision,1,logreg_bert,0.9741226515420064
evons,disinformation,recall,1,logreg_bert,0.9636469900642899
evons,disinformation,auc,1,logreg_bert,0.9961260959522619
evons,disinformation,accuracy,2,logreg_bert,0.9686995805098418
evons,disinformation,f1,2,logreg_bert,0.9658370509509274
evons,disinformation,precision,2,logreg_bert,0.9700507015682113
evons,disinformation,recall,2,logreg_bert,0.9616598480420806
evons,disinformation,auc,2,logreg_bert,0.9953268867431047
evons,disinformation,accuracy,3,logreg_bert,0.9700978810368937
evons,disinformation,f1,3,logreg_bert,0.967321029740214
evons,disinformation,precision,3,logreg_bert,0.9728100248256295
evons,disinformation,recall,3,logreg_bert,0.9618936294564582
evons,disinformation,auc,3,logreg_bert,0.9959816912754459
evons,disinformation,accuracy,4,logreg_bert,0.9720877702484673
evons,disinformation,f1,4,logreg_bert,0.9695118369265112
evons,disinformation,precision,4,logreg_bert,0.9744922059518186
evons,disinformation,recall,4,logreg_bert,0.9645821157218001
evons,disinformation,auc,4,logreg_bert,0.9961113783654617
evons,disinformation,accuracy,5,logreg_bert,0.9714424007744433
evons,disinformation,f1,5,logreg_bert,0.9687738900323434
evons,disinformation,precision,5,logreg_bert,0.9747928994082841
evons,disinformation,recall,5,logreg_bert,0.9628287551139685
evons,disinformation,auc,5,logreg_bert,0.995886108466868
evons,disinformation,accuracy,6,logreg_bert,0.9719264278799613
evons,disinformation,f1,6,logreg_bert,0.9693301997649824
evons,disinformation,precision,6,logreg_bert,0.9744831659775547
evons,disinformation,recall,6,logreg_bert,0.9642314436002338
evons,disinformation,auc,6,logreg_bert,0.9958034151904009
evons,disinformation,accuracy,7,logreg_bert,0.9726255781434872
evons,disinformation,f1,7,logreg_bert,0.9700500147102089
evons,disinformation,precision,7,logreg_bert,0.9766587677725118
evons,disinformation,recall,7,logreg_bert,0.9635300993571011
evons,disinformation,auc,7,logreg_bert,0.9964206922051341
evons,disinformation,accuracy,8,logreg_bert,0.9708508120899215
evons,disinformation,f1,8,logreg_bert,0.9681138957524414
evons,disinformation,precision,8,logreg_bert,0.9745351178491057
evons,disinformation,recall,8,logreg_bert,0.9617767387492694
evons,disinformation,auc,8,logreg_bert,0.9957248670570514
evons,disinformation,accuracy,9,logreg_bert,0.9721415510379693
evons,disinformation,f1,9,logreg_bert,0.9695973705834018
evons,disinformation,precision,9,logreg_bert,0.9737121301426382
evons,disinformation,recall,9,logreg_bert,0.9655172413793104
evons,disinformation,auc,9,logreg_bert,0.9963757593194841
evons,disinformation,accuracy,10,logreg_bert,0.9697751962998817
evons,disinformation,f1,10,logreg_bert,0.9669683789820148
evons,disinformation,precision,10,logreg_bert,0.972455372975529
evons,disinformation,recall,10,logreg_bert,0.9615429573348919
evons,disinformation,auc,10,logreg_bert,0.995832372973923
evons,disinformation,accuracy,1,rf_bert,0.946703237603528
evons,disinformation,f1,1,rf_bert,0.9416681382070752
evons,disinformation,precision,1,rf_bert,0.9484230495612995
evons,disinformation,recall,1,rf_bert,0.9350087668030391
evons,disinformation,auc,1,rf_bert,0.9888240304658704
evons,disinformation,accuracy,2,rf_bert,0.9487469076046037
evons,disinformation,f1,2,rf_bert,0.9440432153132523
evons,disinformation,precision,2,rf_bert,0.9484426616328456
evons,disinformation,recall,2,rf_bert,0.9396843950905903
evons,disinformation,auc,2,rf_bert,0.9892723579675735
evons,disinformation,accuracy,3,rf_bert,0.9491771539206195
evons,disinformation,f1,3,rf_bert,0.944172032846931
evons,disinformation,precision,3,rf_bert,0.9544911610129001
evons,disinformation,recall,3,rf_bert,0.9340736411455289
evons,disinformation,auc,3,rf_bert,0.9887687289005958
evons,disinformation,accuracy,4,rf_bert,0.9499300849736474
evons,disinformation,f1,4,rf_bert,0.9450186027284002
evons,disinformation,precision,4,rf_bert,0.9550011936022917
evons,disinformation,recall,4,rf_bert,0.9352425482174167
evons,disinformation,auc,4,rf_bert,0.9895761003157236
evons,disinformation,accuracy,5,rf_bert,0.9477250726040658
evons,disinformation,f1,5,rf_bert,0.9426210153482881
evons,disinformation,precision,5,rf_bert,0.9521765056648778
evons,disinformation,recall,5,rf_bert,0.9332554061952075
evons,disinformation,auc,5,rf_bert,0.9895981650522634
evons,disinformation,accuracy,6,rf_bert,0.9505216736581693
evons,disinformation,f1,6,rf_bert,0.9455363485673691
evons,disinformation,precision,6,rf_bert,0.9578985246491544
evons,disinformation,recall,6,rf_bert,0.933489187609585
evons,disinformation,auc,6,rf_bert,0.9894105740388639
evons,disinformation,accuracy,7,rf_bert,0.9493922770786275
evons,disinformation,f1,7,rf_bert,0.9443359952676723
evons,disinformation,precision,7,rf_bert,0.9559281437125748
evons,disinformation,recall,7,rf_bert,0.93302162478083
evons,disinformation,auc,7,rf_bert,0.9896915413871872
evons,disinformation,accuracy,8,rf_bert,0.9484780036570937
evons,disinformation,f1,8,rf_bert,0.9436271625279511
evons,disinformation,precision,8,rf_bert,0.9501125725796895
evons,disinformation,recall,8,rf_bert,0.937229690239626
evons,disinformation,auc,8,rf_bert,0.9891775436405849
evons,disinformation,accuracy,9,rf_bert,0.9496611810261375
evons,disinformation,f1,9,rf_bert,0.9446546830652791
evons,disinformation,precision,9,rf_bert,0.9558453990666507
evons,disinformation,recall,9,rf_bert,0.9337229690239626
evons,disinformation,auc,9,rf_bert,0.9895165429925569
evons,disinformation,accuracy,10,rf_bert,0.9484242228675916
evons,disinformation,f1,10,rf_bert,0.9435184639849226
evons,disinformation,precision,10,rf_bert,0.9508547008547008
evons,disinformation,recall,10,rf_bert,0.9362945645821157
evons,disinformation,auc,10,rf_bert,0.9889860694664275
evons,disinformation,accuracy,1,xgboost_bert,0.973270947617511
evons,disinformation,f1,1,xgboost_bert,0.9708213467973933
evons,disinformation,precision,1,xgboost_bert,0.9752300070771408
evons,disinformation,recall,1,xgboost_bert,0.9664523670368206
evons,disinformation,auc,1,xgboost_bert,0.9966569420755256
evons,disinformation,accuracy,2,xgboost_bert,0.9717650855114554
evons,disinformation,f1,2,xgboost_bert,0.9691810977399472
evons,disinformation,precision,2,xgboost_bert,0.9734669811320755
evons,disinformation,recall,2,xgboost_bert,0.9649327878433664
evons,disinformation,auc,2,xgboost_bert,0.9966343300869449
evons,disinformation,accuracy,3,xgboost_bert,0.9717113047219533
evons,disinformation,f1,3,xgboost_bert,0.9690369672710148
evons,disinformation,precision,3,xgboost_bert,0.976046484050753
evons,disinformation,recall,3,xgboost_bert,0.9621274108708358
evons,disinformation,auc,3,xgboost_bert,0.9966299753579391
evons,disinformation,accuracy,4,xgboost_bert,0.9710659352479294
evons,disinformation,f1,4,xgboost_bert,0.9683603857915785
evons,disinformation,precision,4,xgboost_bert,0.9744348443602793
evons,disinformation,recall,4,xgboost_bert,0.9623611922852133
evons,disinformation,auc,4,xgboost_bert,0.9964035178059804
evons,disinformation,accuracy,5,xgboost_bert,0.9721953318274712
evons,disinformation,f1,5,xgboost_bert,0.9696114735790278
evons,disinformation,precision,5,xgboost_bert,0.9751714353275006
evons,disinformation,recall,5,xgboost_bert,0.964114552893045
evons,disinformation,auc,5,xgboost_bert,0.9967892955637829
evons,disinformation,accuracy,6,xgboost_bert,0.972894482090997
evons,disinformation,f1,6,xgboost_bert,0.9703947368421053
evons,disinformation,precision,6,xgboost_bert,0.9753217617192113
evons,disinformation,recall,6,xgboost_bert,0.9655172413793104
evons,disinformation,auc,6,xgboost_bert,0.9966556729165372
evons,disinformation,accuracy,7,xgboost_bert,0.973378509196515
evons,disinformation,f1,7,xgboost_bert,0.9708532061473238
evons,disinformation,precision,7,xgboost_bert,0.9781680113906027
evons,disinformation,recall,7,xgboost_bert,0.9636469900642899
evons,disinformation,auc,7,xgboost_bert,0.9968074363867533
evons,disinformation,accuracy,8,xgboost_bert,0.9714961815639453
evons,disinformation,f1,8,xgboost_bert,0.9689222469801806
evons,disinformation,precision,8,xgboost_bert,0.9721143663960466
evons,disinformation,recall,8,xgboost_bert,0.9657510227936879
evons,disinformation,auc,8,xgboost_bert,0.9965959991567661
evons,disinformation,accuracy,9,xgboost_bert,0.9736474131440249
evons,disinformation,f1,9,xgboost_bert,0.9711832509997648
evons,disinformation,precision,9,xgboost_bert,0.9772754172091371
evons,disinformation,recall,9,xgboost_bert,0.965166569257744
evons,disinformation,auc,9,xgboost_bert,0.9969488719301561
evons,disinformation,accuracy,10,xgboost_bert,0.9710121544584275
evons,disinformation,f1,10,xgboost_bert,0.9683815334076377
evons,disinformation,precision,10,xgboost_bert,0.9719736222326896
evons,disinformation,recall,10,xgboost_bert,0.9648158971361777
evons,disinformation,auc,10,xgboost_bert,0.9964898089735247
evons,disinformation,accuracy,1,mlp_mistral,0.9876304184145424
evons,disinformation,f1,1,mlp_mistral,0.98642266824085
evons,disinformation,precision,1,mlp_mistral,0.9964221824686941
evons,disinformation,recall,1,mlp_mistral,0.9766218585622443
evons,disinformation,auc,1,mlp_mistral,0.9994498137567402
evons,disinformation,accuracy,2,mlp_mistral,0.989136280520598
evons,disinformation,f1,2,mlp_mistral,0.9882503489995347
evons,disinformation,precision,2,mlp_mistral,0.9835591061711242
evons,disinformation,recall,2,mlp_mistral,0.9929865575686733
evons,disinformation,auc,2,mlp_mistral,0.9995351850751093
evons,disinformation,accuracy,3,mlp_mistral,0.9899429923631279
evons,disinformation,f1,3,mlp_mistral,0.989091757568687
evons,disinformation,precision,3,mlp_mistral,0.9871914299021891
evons,disinformation,recall,3,mlp_mistral,0.9909994155464641
evons,disinformation,auc,3,mlp_mistral,0.9994183409425624
evons,disinformation,accuracy,4,mlp_mistral,0.9899429923631279
evons,disinformation,f1,4,mlp_mistral,0.989128539038428
evons,disinformation,precision,4,mlp_mistral,0.9839232014804534
evons,disinformation,recall,4,mlp_mistral,0.9943892460549386
evons,disinformation,auc,4,mlp_mistral,0.9994512692142956
evons,disinformation,accuracy,5,mlp_mistral,0.9895127460471119
evons,disinformation,f1,5,mlp_mistral,0.9885327844751544
evons,disinformation,precision,5,mlp_mistral,0.9946745562130177
evons,disinformation,recall,5,mlp_mistral,0.9824663939216832
evons,disinformation,auc,5,mlp_mistral,0.9993964625045898
evons,disinformation,accuracy,6,mlp_mistral,0.989136280520598
evons,disinformation,f1,6,mlp_mistral,0.9881190448182566
evons,disinformation,precision,6,mlp_mistral,0.9944358944003788
evons,disinformation,recall,6,mlp_mistral,0.9818819403857393
evons,disinformation,auc,6,mlp_mistral,0.999485618012603
evons,disinformation,accuracy,7,mlp_mistral,0.9878993223620522
evons,disinformation,f1,7,mlp_mistral,0.9869300029044438
evons,disinformation,precision,7,mlp_mistral,0.98094688221709
evons,disinformation,recall,7,mlp_mistral,0.9929865575686733
evons,disinformation,auc,7,mlp_mistral,0.9993660085107006
evons,disinformation,accuracy,8,mlp_mistral,0.9908034849951597
evons,disinformation,f1,8,mlp_mistral,0.9899982453061941
evons,disinformation,precision,8,mlp_mistral,0.9907515804261298
evons,disinformation,recall,8,mlp_mistral,0.9892460549386324
evons,disinformation,auc,8,mlp_mistral,0.9994605957863106
evons,disinformation,accuracy,9,mlp_mistral,0.9890824997310961
evons,disinformation,f1,9,mlp_mistral,0.9882230086441957
evons,disinformation,precision,9,mlp_mistral,0.9809951624049759
evons,disinformation,recall,9,mlp_mistral,0.9955581531268264
evons,disinformation,auc,9,mlp_mistral,0.9996218604834484
evons,disinformation,accuracy,10,mlp_mistral,0.9907497042056578
evons,disinformation,f1,10,mlp_mistral,0.9899509231128768
evons,disinformation,precision,10,mlp_mistral,0.9896040182221703
evons,disinformation,recall,10,mlp_mistral,0.9902980713033314
evons,disinformation,auc,10,mlp_mistral,0.9995090799883959
evons,disinformation,accuracy,1,logreg_mistral,0.9759062063031085
evons,disinformation,f1,1,logreg_mistral,0.9737058340180772
evons,disinformation,precision,1,logreg_mistral,0.9778380289991748
evons,disinformation,recall,1,logreg_mistral,0.9696084161309176
evons,disinformation,auc,1,logreg_mistral,0.9971916655377168
evons,disinformation,accuracy,2,logreg_mistral,0.9739163170915349
evons,disinformation,f1,2,logreg_mistral,0.9715225177617286
evons,disinformation,precision,2,logreg_mistral,0.9760500235960359
evons,disinformation,recall,2,logreg_mistral,0.9670368205727644
evons,disinformation,auc,2,logreg_mistral,0.9968596116291991
evons,disinformation,accuracy,3,logreg_mistral,0.9770893836721523
evons,disinformation,f1,3,logreg_mistral,0.9749441242206799
evons,disinformation,precision,3,logreg_mistral,0.9811767491417072
evons,disinformation,recall,3,logreg_mistral,0.9687901811805961
evons,disinformation,auc,3,logreg_mistral,0.997506626552704
evons,disinformation,accuracy,4,logreg_mistral,0.973109605249005
evons,disinformation,f1,4,logreg_mistral,0.9705882352941176
evons,disinformation,precision,4,logreg_mistral,0.9769094138543517
evons,disinformation,recall,4,logreg_mistral,0.9643483343074225
evons,disinformation,auc,4,logreg_mistral,0.9969216606957005
evons,disinformation,accuracy,5,logreg_mistral,0.9745079057760568
evons,disinformation,f1,5,logreg_mistral,0.9721307619943556
evons,disinformation,precision,5,logreg_mistral,0.9779959777593754
evons,disinformation,recall,5,logreg_mistral,0.9663354763296318
evons,disinformation,auc,5,logreg_mistral,0.9971359739098172
evons,disinformation,accuracy,6,logreg_mistral,0.9761213294611165
evons,disinformation,f1,6,logreg_mistral,0.9739252995066948
evons,disinformation,precision,6,logreg_mistral,0.9786380266729612
evons,disinformation,recall,6,logreg_mistral,0.9692577440093513
evons,disinformation,auc,6,logreg_mistral,0.9974777968494466
evons,disinformation,accuracy,7,logreg_mistral,0.9752608368290846
evons,disinformation,f1,7,logreg_mistral,0.9729602633435223
evons,disinformation,precision,7,logreg_mistral,0.9785976114461393
evons,disinformation,recall,7,logreg_mistral,0.9673874926943308
evons,disinformation,auc,7,logreg_mistral,0.9973017563472069
evons,disinformation,accuracy,8,logreg_mistral,0.9746692481445628
evons,disinformation,f1,8,logreg_mistral,0.9723283003348805
evons,disinformation,precision,8,logreg_mistral,0.9774391684384597
evons,disinformation,recall,8,logreg_mistral,0.967270601987142
evons,disinformation,auc,8,logreg_mistral,0.9969072109130908
evons,disinformation,accuracy,9,logreg_mistral,0.9744003441970528
evons,disinformation,f1,9,logreg_mistral,0.9720657276995305
evons,disinformation,precision,9,logreg_mistral,0.9760754272245139
evons,disinformation,recall,9,logreg_mistral,0.9680888369374635
evons,disinformation,auc,9,logreg_mistral,0.9972719835074535
evons,disinformation,accuracy,10,logreg_mistral,0.973486070775519
evons,disinformation,f1,10,logreg_mistral,0.9710255656773435
evons,disinformation,precision,10,logreg_mistral,0.9764775413711584
evons,disinformation,recall,10,logreg_mistral,0.9656341320864992
evons,disinformation,auc,10,logreg_mistral,0.9969406515058833
evons,disinformation,accuracy,1,rf_mistral,0.9342260944390663
evons,disinformation,f1,1,rf_mistral,0.9256127972751049
evons,disinformation,precision,1,rf_mistral,0.9648744610702511
evons,disinformation,recall,1,rf_mistral,0.8894213909994155
evons,disinformation,auc,1,rf_mistral,0.9852987900082723
evons,disinformation,accuracy,2,rf_mistral,0.9289017962783693
evons,disinformation,f1,2,rf_mistral,0.9194393662400975
evons,disinformation,precision,2,rf_mistral,0.9604073838319541
evons,disinformation,recall,2,rf_mistral,0.881823495032145
evons,disinformation,auc,2,rf_mistral,0.9836011093846797
evons,disinformation,accuracy,3,rf_mistral,0.9322899860169948
evons,disinformation,f1,3,rf_mistral,0.9235626252200838
evons,disinformation,precision,3,rf_mistral,0.9608388074785245
evons,disinformation,recall,3,rf_mistral,0.8890707188778492
evons,disinformation,auc,3,rf_mistral,0.9845865181898138
evons,disinformation,accuracy,4,rf_mistral,0.9299236312789072
evons,disinformation,f1,4,rf_mistral,0.9205439356058296
evons,disinformation,precision,4,rf_mistral,0.9622641509433962
evons,disinformation,recall,4,rf_mistral,0.8822910578609
evons,disinformation,auc,4,rf_mistral,0.9836373619214696
evons,disinformation,accuracy,5,rf_mistral,0.9304614391739271
evons,disinformation,f1,5,rf_mistral,0.9212881232117854
evons,disinformation,precision,5,rf_mistral,0.961255081300813
evons,disinformation,recall,5,rf_mistral,0.8845119812974869
evons,disinformation,auc,5,rf_mistral,0.983478257123344
evons,disinformation,accuracy,6,rf_mistral,0.9319135204904808
evons,disinformation,f1,6,rf_mistral,0.9227294921875
evons,disinformation,precision,6,rf_mistral,0.9655128368884915
evons,disinformation,recall,6,rf_mistral,0.8835768556399767
evons,disinformation,auc,6,rf_mistral,0.9851495182813911
evons,disinformation,accuracy,7,rf_mistral,0.9284715499623535
evons,disinformation,f1,7,rf_mistral,0.9187538179596824
evons,disinformation,precision,7,rf_mistral,0.9622520793346129
evons,disinformation,recall,7,rf_mistral,0.8790181180596143
evons,disinformation,auc,7,rf_mistral,0.9841218197015275
evons,disinformation,accuracy,8,rf_mistral,0.9323437668064967
evons,disinformation,f1,8,rf_mistral,0.9235537190082644
evons,disinformation,precision,8,rf_mistral,0.9617769902543982
evons,disinformation,recall,8,rf_mistral,0.8882524839275278
evons,disinformation,auc,8,rf_mistral,0.9844201069947602
evons,disinformation,accuracy,9,rf_mistral,0.9328815747015167
evons,disinformation,f1,9,rf_mistral,0.9241060569204573
evons,disinformation,precision,9,rf_mistral,0.9631131955887945
evons,disinformation,recall,9,rf_mistral,0.888135593220339
evons,disinformation,auc,9,rf_mistral,0.9848790768021083
evons,disinformation,accuracy,10,rf_mistral,0.9300311928579111
evons,disinformation,f1,10,rf_mistral,0.9204913524414838
evons,disinformation,precision,10,rf_mistral,0.9645235655737705
evons,disinformation,recall,10,rf_mistral,0.8803039158386908
evons,disinformation,auc,10,rf_mistral,0.983603583662524
evons,disinformation,accuracy,1,xgboost_mistral,0.9612778315585673
evons,disinformation,f1,1,xgboost_mistral,0.9575371549893843
evons,disinformation,precision,1,xgboost_mistral,0.966313534103083
evons,disinformation,recall,1,xgboost_mistral,0.9489187609585038
evons,disinformation,auc,1,xgboost_mistral,0.993828894896112
evons,disinformation,accuracy,2,xgboost_mistral,0.9594492847154996
evons,disinformation,f1,2,xgboost_mistral,0.9553951727401798
evons,disinformation,precision,2,xgboost_mistral,0.9671816984069949
evons,disinformation,recall,2,xgboost_mistral,0.9438924605493864
evons,disinformation,auc,2,xgboost_mistral,0.9932021923382502
evons,disinformation,accuracy,3,xgboost_mistral,0.9602022157685275
evons,disinformation,f1,3,xgboost_mistral,0.9563112528043453
evons,disinformation,precision,3,xgboost_mistral,0.9661219133961589
evons,disinformation,recall,3,xgboost_mistral,0.946697837521917
evons,disinformation,auc,3,xgboost_mistral,0.9933267969704825
evons,disinformation,accuracy,4,xgboost_mistral,0.9590728191889857
evons,disinformation,f1,4,xgboost_mistral,0.955026298682111
evons,disinformation,precision,4,xgboost_mistral,0.9658140090843892
evons,disinformation,recall,4,xgboost_mistral,0.9444769140853302
evons,disinformation,auc,4,xgboost_mistral,0.9930525538360653
evons,disinformation,accuracy,5,xgboost_mistral,0.9577820802409379
evons,disinformation,f1,5,xgboost_mistral,0.9535420488844174
evons,disinformation,precision,5,xgboost_mistral,0.9657156557180532
evons,disinformation,recall,5,xgboost_mistral,0.9416715371127995
evons,disinformation,auc,5,xgboost_mistral,0.9923696589729046
evons,disinformation,accuracy,6,xgboost_mistral,0.9586963536624717
evons,disinformation,f1,6,xgboost_mistral,0.9545293072824156
evons,disinformation,precision,6,xgboost_mistral,0.967126574685063
evons,disinformation,recall,6,xgboost_mistral,0.9422559906487434
evons,disinformation,auc,6,xgboost_mistral,0.9935374773625407
evons,disinformation,accuracy,7,xgboost_mistral,0.9581047649779498
evons,disinformation,f1,7,xgboost_mistral,0.9538096649866588
evons,disinformation,precision,7,xgboost_mistral,0.967870036101083
evons,disinformation,recall,7,xgboost_mistral,0.9401519579193454
evons,disinformation,auc,7,xgboost_mistral,0.9934500218289526
evons,disinformation,accuracy,8,xgboost_mistral,0.9596644078735076
evons,disinformation,f1,8,xgboost_mistral,0.9556475458308693
evons,disinformation,precision,8,xgboost_mistral,0.9670855774985039
evons,disinformation,recall,8,xgboost_mistral,0.9444769140853302
evons,disinformation,auc,8,xgboost_mistral,0.993076306903369
evons,disinformation,accuracy,9,xgboost_mistral,0.9593955039259976
evons,disinformation,f1,9,xgboost_mistral,0.955380887654394
evons,disinformation,precision,9,xgboost_mistral,0.9661726033946928
evons,disinformation,recall,9,xgboost_mistral,0.9448275862068966
evons,disinformation,auc,9,xgboost_mistral,0.9937979111156727
evons,disinformation,accuracy,10,xgboost_mistral,0.957459395503926
evons,disinformation,f1,10,xgboost_mistral,0.9531148123999763
evons,disinformation,precision,10,xgboost_mistral,0.9668109668109668
evons,disinformation,recall,10,xgboost_mistral,0.9398012857977791
evons,disinformation,auc,10,xgboost_mistral,0.9931152782348723
evons,virality,accuracy,1,mlp_text,0.9499838657631494
evons,virality,f1,1,mlp_text,0.0
evons,virality,precision,1,mlp_text,0.0
evons,virality,recall,1,mlp_text,0.0
evons,virality,auc,1,mlp_text,0.8244240761843541
evons,virality,accuracy,2,mlp_text,0.9499838657631494
evons,virality,f1,2,mlp_text,0.0
evons,virality,precision,2,mlp_text,0.0
evons,virality,recall,2,mlp_text,0.0
evons,virality,auc,2,mlp_text,0.8208136103319308
evons,virality,accuracy,3,mlp_text,0.9500914273421533
evons,virality,f1,3,mlp_text,0.006423982869379015
evons,virality,precision,3,mlp_text,0.75
evons,virality,recall,3,mlp_text,0.0032258064516129032
evons,virality,auc,3,mlp_text,0.8265771096306685
evons,virality,accuracy,4,mlp_text,0.9499838657631494
evons,virality,f1,4,mlp_text,0.0
evons,virality,precision,4,mlp_text,0.0
evons,virality,recall,4,mlp_text,0.0
evons,virality,auc,4,mlp_text,0.8201791262466885
evons,virality,accuracy,5,mlp_text,0.9499838657631494
evons,virality,f1,5,mlp_text,0.0
evons,virality,precision,5,mlp_text,0.0
evons,virality,recall,5,mlp_text,0.0
evons,virality,auc,5,mlp_text,0.8352595827002494
evons,virality,accuracy,6,mlp_text,0.9497149618156394
evons,virality,f1,6,mlp_text,0.0021344717182497333
evons,virality,precision,6,mlp_text,0.14285714285714285
evons,virality,recall,6,mlp_text,0.001075268817204301
evons,virality,auc,6,mlp_text,0.8389847950268817
evons,virality,accuracy,7,mlp_text,0.9500376465526514
evons,virality,f1,7,mlp_text,0.0021482277121374865
evons,virality,precision,7,mlp_text,1.0
evons,virality,recall,7,mlp_text,0.001075268817204301
evons,virality,auc,7,mlp_text,0.8305970712560387
evons,virality,accuracy,8,mlp_text,0.9496074002366355
evons,virality,f1,8,mlp_text,0.02089864158829676
evons,virality,precision,8,mlp_text,0.37037037037037035
evons,virality,recall,8,mlp_text,0.010752688172043012
evons,virality,auc,8,mlp_text,0.8272892073788375
evons,virality,accuracy,9,mlp_text,0.9498225233946435
evons,virality,f1,9,mlp_text,0.0
evons,virality,precision,9,mlp_text,0.0
evons,virality,recall,9,mlp_text,0.0
evons,virality,auc,9,mlp_text,0.8192463622019635
evons,virality,accuracy,10,mlp_text,0.9505754544476713
evons,virality,f1,10,mlp_text,0.027513227513227514
evons,virality,precision,10,mlp_text,0.8666666666666667
evons,virality,recall,10,mlp_text,0.013978494623655914
evons,virality,auc,10,mlp_text,0.8375154922958548
evons,virality,accuracy,1,mlp_source,0.9500376465526514
evons,virality,f1,1,mlp_source,0.0021482277121374865
evons,virality,precision,1,mlp_source,1.0
evons,virality,recall,1,mlp_source,0.001075268817204301
evons,virality,auc,1,mlp_source,0.8724215828073866
evons,virality,accuracy,2,mlp_source,0.9508443583951812
evons,virality,f1,2,mlp_source,0.15213358070500926
evons,virality,precision,2,mlp_source,0.5540540540540541
evons,virality,recall,2,mlp_source,0.08817204301075268
evons,virality,auc,2,mlp_source,0.8581000966670562
evons,virality,accuracy,3,mlp_source,0.9507367968161773
evons,virality,f1,3,mlp_source,0.08764940239043825
evons,virality,precision,3,mlp_source,0.5945945945945946
evons,virality,recall,3,mlp_source,0.047311827956989246
evons,virality,auc,3,mlp_source,0.8691187714274582
evons,virality,accuracy,4,mlp_source,0.9508443583951812
evons,virality,f1,4,mlp_source,0.12619502868068833
evons,virality,precision,4,mlp_source,0.5689655172413793
evons,virality,recall,4,mlp_source,0.07096774193548387
evons,virality,auc,4,mlp_source,0.868330155738663
evons,virality,accuracy,5,mlp_source,0.9503603312896634
evons,virality,f1,5,mlp_source,0.014941302027748132
evons,virality,precision,5,mlp_source,1.0
evons,virality,recall,5,mlp_source,0.007526881720430108
evons,virality,auc,5,mlp_source,0.8789441741662769
evons,virality,accuracy,6,mlp_source,0.9507367968161773
evons,virality,f1,6,mlp_source,0.13257575757575757
evons,virality,precision,6,mlp_source,0.5555555555555556
evons,virality,recall,6,mlp_source,0.07526881720430108
evons,virality,auc,6,mlp_source,0.8747615890895278
evons,virality,accuracy,7,mlp_source,0.9505216736581693
evons,virality,f1,7,mlp_source,0.04365904365904366
evons,virality,precision,7,mlp_source,0.65625
evons,virality,recall,7,mlp_source,0.02258064516129032
evons,virality,auc,7,mlp_source,0.8706209458274896
evons,virality,accuracy,8,mlp_source,0.9506292352371732
evons,virality,f1,8,mlp_source,0.13559322033898305
evons,virality,precision,8,mlp_source,0.5454545454545454
evons,virality,recall,8,mlp_source,0.07741935483870968
evons,virality,auc,8,mlp_source,0.8693600738273337
evons,virality,accuracy,9,mlp_source,0.9506292352371732
evons,virality,f1,9,mlp_source,0.07645875251509054
evons,virality,precision,9,mlp_source,0.59375
evons,virality,recall,9,mlp_source,0.04086021505376344
evons,virality,auc,9,mlp_source,0.868903096754714
evons,virality,accuracy,10,mlp_source,0.9505754544476713
evons,virality,f1,10,mlp_source,0.06889564336372847
evons,virality,precision,10,mlp_source,0.5964912280701754
evons,virality,recall,10,mlp_source,0.03655913978494624
evons,virality,auc,10,mlp_source,0.8725132582398317
evons,virality,accuracy,1,mlp_avg_eng,0.9506830160266753
evons,virality,f1,1,mlp_avg_eng,0.049740932642487044
evons,virality,precision,1,mlp_avg_eng,0.6857142857142857
evons,virality,recall,1,mlp_avg_eng,0.025806451612903226
evons,virality,auc,1,mlp_avg_eng,0.8670400644771699
evons,virality,accuracy,2,mlp_avg_eng,0.9508443583951812
evons,virality,f1,2,mlp_avg_eng,0.04592901878914405
evons,virality,precision,2,mlp_avg_eng,0.7857142857142857
evons,virality,recall,2,mlp_avg_eng,0.023655913978494623
evons,virality,auc,2,mlp_avg_eng,0.8645399609922861
evons,virality,accuracy,3,mlp_avg_eng,0.9508981391846832
evons,virality,f1,3,mlp_avg_eng,0.15384615384615385
evons,virality,precision,3,mlp_avg_eng,0.5570469798657718
evons,virality,recall,3,mlp_avg_eng,0.08924731182795699
evons,virality,auc,3,mlp_avg_eng,0.8651443735877357
evons,virality,accuracy,4,mlp_avg_eng,0.9513283855006992
evons,virality,f1,4,mlp_avg_eng,0.11534701857282502
evons,virality,precision,4,mlp_avg_eng,0.6344086021505376
evons,virality,recall,4,mlp_avg_eng,0.06344086021505377
evons,virality,auc,4,mlp_avg_eng,0.860257817369877
evons,virality,accuracy,5,mlp_avg_eng,0.9504678928686673
evons,virality,f1,5,mlp_avg_eng,0.02332979851537646
evons,virality,precision,5,mlp_avg_eng,0.8461538461538461
evons,virality,recall,5,mlp_avg_eng,0.011827956989247311
evons,virality,auc,5,mlp_avg_eng,0.8733761395511922
evons,virality,accuracy,6,mlp_avg_eng,0.9505216736581693
evons,virality,f1,6,mlp_avg_eng,0.06693711967545639
evons,virality,precision,6,mlp_avg_eng,0.5892857142857143
evons,virality,recall,6,mlp_avg_eng,0.035483870967741936
evons,virality,auc,6,mlp_avg_eng,0.8749140466729002
evons,virality,accuracy,7,mlp_avg_eng,0.9504678928686673
evons,virality,f1,7,mlp_avg_eng,0.07992007992007992
evons,virality,precision,7,mlp_avg_eng,0.5633802816901409
evons,virality,recall,7,mlp_avg_eng,0.043010752688172046
evons,virality,auc,7,mlp_avg_eng,0.8710951500896057
evons,virality,accuracy,8,mlp_avg_eng,0.9504678928686673
evons,virality,f1,8,mlp_avg_eng,0.06875631951466127
evons,virality,precision,8,mlp_avg_eng,0.576271186440678
evons,virality,recall,8,mlp_avg_eng,0.03655913978494624
evons,virality,auc,8,mlp_avg_eng,0.8670560741974443
evons,virality,accuracy,9,mlp_avg_eng,0.9503603312896634
evons,virality,f1,9,mlp_avg_eng,0.07049345417925479
evons,virality,precision,9,mlp_avg_eng,0.5555555555555556
evons,virality,recall,9,mlp_avg_eng,0.03763440860215054
evons,virality,auc,9,mlp_avg_eng,0.8641125379850397
evons,virality,accuracy,10,mlp_avg_eng,0.9502527697106593
evons,virality,f1,10,mlp_avg_eng,0.19213973799126638
evons,virality,precision,10,mlp_avg_eng,0.5116279069767442
evons,virality,recall,10,mlp_avg_eng,0.11827956989247312
evons,virality,auc,10,mlp_avg_eng,0.869959038248013
evons,virality,accuracy,1,gating_bert,0.9506830160266753
evons,virality,f1,1,gating_bert,0.06332992849846783
evons,virality,precision,1,gating_bert,0.6326530612244898
evons,virality,recall,1,gating_bert,0.03333333333333333
evons,virality,auc,1,gating_bert,0.8686999620149604
evons,virality,accuracy,2,gating_bert,0.9499838657631494
evons,virality,f1,2,gating_bert,0.0
evons,virality,precision,2,gating_bert,0.0
evons,virality,recall,2,gating_bert,0.0
evons,virality,auc,2,gating_bert,0.8668263073184509
evons,virality,accuracy,3,gating_bert,0.9499838657631494
evons,virality,f1,3,gating_bert,0.0
evons,virality,precision,3,gating_bert,0.0
evons,virality,recall,3,gating_bert,0.0
evons,virality,auc,3,gating_bert,0.8659272976079165
evons,virality,accuracy,4,gating_bert,0.9499838657631494
evons,virality,f1,4,gating_bert,0.0
evons,virality,precision,4,gating_bert,0.0
evons,virality,recall,4,gating_bert,0.0
evons,virality,auc,4,gating_bert,0.8661259885850086
evons,virality,accuracy,5,gating_bert,0.9499838657631494
evons,virality,f1,5,gating_bert,0.0
evons,virality,precision,5,gating_bert,0.0
evons,virality,recall,5,gating_bert,0.0
evons,virality,auc,5,gating_bert,0.8769500813269441
evons,virality,accuracy,6,gating_bert,0.9499838657631494
evons,virality,f1,6,gating_bert,0.0
evons,virality,precision,6,gating_bert,0.0
evons,virality,recall,6,gating_bert,0.0
evons,virality,auc,6,gating_bert,0.8726019204359514
evons,virality,accuracy,7,gating_bert,0.9499838657631494
evons,virality,f1,7,gating_bert,0.0
evons,virality,precision,7,gating_bert,0.0
evons,virality,recall,7,gating_bert,0.0
evons,virality,auc,7,gating_bert,0.8692903737143526
evons,virality,accuracy,8,gating_bert,0.9499838657631494
evons,virality,f1,8,gating_bert,0.0
evons,virality,precision,8,gating_bert,0.0
evons,virality,recall,8,gating_bert,0.0
evons,virality,auc,8,gating_bert,0.8655192627980365
evons,virality,accuracy,9,gating_bert,0.9499838657631494
evons,virality,f1,9,gating_bert,0.0
evons,virality,precision,9,gating_bert,0.0
evons,virality,recall,9,gating_bert,0.0
evons,virality,auc,9,gating_bert,0.8637717379129655
evons,virality,accuracy,10,gating_bert,0.9499838657631494
evons,virality,f1,10,gating_bert,0.0
evons,virality,precision,10,gating_bert,0.0
evons,virality,recall,10,gating_bert,0.0
evons,virality,auc,10,gating_bert,0.8689445820184665
evons,virality,accuracy,1,gating_mistral,0.9505216736581693
evons,virality,f1,1,gating_mistral,0.3144560357675112
evons,virality,precision,1,gating_mistral,0.5121359223300971
evons,virality,recall,1,gating_mistral,0.22688172043010751
evons,virality,auc,1,gating_mistral,0.8822243101819385
evons,virality,accuracy,2,gating_mistral,0.946434333656018
evons,virality,f1,2,gating_mistral,0.3688212927756654
evons,virality,precision,2,gating_mistral,0.44907407407407407
evons,virality,recall,2,gating_mistral,0.31290322580645163
evons,virality,auc,2,gating_mistral,0.8826885007597007
evons,virality,accuracy,3,gating_mistral,0.9511670431321931
evons,virality,f1,3,gating_mistral,0.2747603833865815
evons,virality,precision,3,gating_mistral,0.5341614906832298
evons,virality,recall,3,gating_mistral,0.18494623655913978
evons,virality,auc,3,gating_mistral,0.8749676761921458
evons,virality,accuracy,4,gating_mistral,0.9531569323437669
evons,virality,f1,4,gating_mistral,0.2970137207425343
evons,virality,precision,4,gating_mistral,0.5954692556634305
evons,virality,recall,4,gating_mistral,0.1978494623655914
evons,virality,auc,4,gating_mistral,0.8748745702333645
evons,virality,accuracy,5,gating_mistral,0.951919974185221
evons,virality,f1,5,gating_mistral,0.34457478005865105
evons,virality,precision,5,gating_mistral,0.5414746543778802
evons,virality,recall,5,gating_mistral,0.25268817204301075
evons,virality,auc,5,gating_mistral,0.8866190088339567
evons,virality,accuracy,6,gating_mistral,0.9463805528665161
evons,virality,f1,6,gating_mistral,0.37335009428032684
evons,virality,precision,6,gating_mistral,0.4493192133131619
evons,virality,recall,6,gating_mistral,0.3193548387096774
evons,virality,auc,6,gating_mistral,0.886019983539816
evons,virality,accuracy,7,gating_mistral,0.9490695923416156
evons,virality,f1,7,gating_mistral,0.3240542469664525
evons,virality,precision,7,gating_mistral,0.4819532908704883
evons,virality,recall,7,gating_mistral,0.24408602150537634
evons,virality,auc,7,gating_mistral,0.8868086601020726
evons,virality,accuracy,8,gating_mistral,0.9501452081316554
evons,virality,f1,8,gating_mistral,0.2752150117279124
evons,virality,precision,8,gating_mistral,0.504297994269341
evons,virality,recall,8,gating_mistral,0.18924731182795698
evons,virality,auc,8,gating_mistral,0.879416673971482
evons,virality,accuracy,9,gating_mistral,0.9511132623426912
evons,virality,f1,9,gating_mistral,0.3097949886104784
evons,virality,precision,9,gating_mistral,0.5271317829457365
evons,virality,recall,9,gating_mistral,0.21935483870967742
evons,virality,auc,9,gating_mistral,0.8821564058360603
evons,virality,accuracy,10,gating_mistral,0.9533720555017747
evons,virality,f1,10,gating_mistral,0.23746701846965698
evons,virality,precision,10,gating_mistral,0.6521739130434783
evons,virality,recall,10,gating_mistral,0.14516129032258066
evons,virality,auc,10,gating_mistral,0.8766006372233911
fakenewsnet,disinformation,accuracy,1,mlp_bert,0.9741379310344828
fakenewsnet,disinformation,f1,1,mlp_bert,0.9565217391304348
fakenewsnet,disinformation,precision,1,mlp_bert,0.9705882352941176
fakenewsnet,disinformation,recall,1,mlp_bert,0.9428571428571428
fakenewsnet,disinformation,auc,1,mlp_bert,0.9940035273368607
fakenewsnet,disinformation,accuracy,2,mlp_bert,0.9310344827586207
fakenewsnet,disinformation,f1,2,mlp_bert,0.8787878787878788
fakenewsnet,disinformation,precision,2,mlp_bert,0.9354838709677419
fakenewsnet,disinformation,recall,2,mlp_bert,0.8285714285714286
fakenewsnet,disinformation,auc,2,mlp_bert,0.9844797178130511
fakenewsnet,disinformation,accuracy,3,mlp_bert,0.9568965517241379
fakenewsnet,disinformation,f1,3,mlp_bert,0.9230769230769231
fakenewsnet,disinformation,precision,3,mlp_bert,1.0
fakenewsnet,disinformation,recall,3,mlp_bert,0.8571428571428571
fakenewsnet,disinformation,auc,3,mlp_bert,0.9738977072310406
fakenewsnet,disinformation,accuracy,4,mlp_bert,0.9310344827586207
fakenewsnet,disinformation,f1,4,mlp_bert,0.8787878787878788
fakenewsnet,disinformation,precision,4,mlp_bert,0.9354838709677419
fakenewsnet,disinformation,recall,4,mlp_bert,0.8285714285714286
fakenewsnet,disinformation,auc,4,mlp_bert,0.9738977072310405
fakenewsnet,disinformation,accuracy,5,mlp_bert,0.9310344827586207
fakenewsnet,disinformation,f1,5,mlp_bert,0.8888888888888888
fakenewsnet,disinformation,precision,5,mlp_bert,0.8648648648648649
fakenewsnet,disinformation,recall,5,mlp_bert,0.9142857142857143
fakenewsnet,disinformation,auc,5,mlp_bert,0.9679012345679012
fakenewsnet,disinformation,accuracy,6,mlp_bert,0.9137931034482759
fakenewsnet,disinformation,f1,6,mlp_bert,0.8571428571428571
fakenewsnet,disinformation,precision,6,mlp_bert,0.8571428571428571
fakenewsnet,disinformation,recall,6,mlp_bert,0.8571428571428571
fakenewsnet,disinformation,auc,6,mlp_bert,0.9414462081128747
fakenewsnet,disinformation,accuracy,7,mlp_bert,0.9655172413793104
fakenewsnet,disinformation,f1,7,mlp_bert,0.9428571428571428
fakenewsnet,disinformation,precision,7,mlp_bert,0.9428571428571428
fakenewsnet,disinformation,recall,7,mlp_bert,0.9428571428571428
fakenewsnet,disinformation,auc,7,mlp_bert,0.9858906525573192
fakenewsnet,disinformation,accuracy,8,mlp_bert,0.9310344827586207
fakenewsnet,disinformation,f1,8,mlp_bert,0.8709677419354839
fakenewsnet,disinformation,precision,8,mlp_bert,1.0
fakenewsnet,disinformation,recall,8,mlp_bert,0.7714285714285715
fakenewsnet,disinformation,auc,8,mlp_bert,0.9830687830687831
fakenewsnet,disinformation,accuracy,9,mlp_bert,0.9482758620689655
fakenewsnet,disinformation,f1,9,mlp_bert,0.9117647058823529
fakenewsnet,disinformation,precision,9,mlp_bert,0.9393939393939394
fakenewsnet,disinformation,recall,9,mlp_bert,0.8857142857142857
fakenewsnet,disinformation,auc,9,mlp_bert,0.9851851851851852
fakenewsnet,disinformation,accuracy,10,mlp_bert,0.9137931034482759
fakenewsnet,disinformation,f1,10,mlp_bert,0.8387096774193549
fakenewsnet,disinformation,precision,10,mlp_bert,0.9629629629629629
fakenewsnet,disinformation,recall,10,mlp_bert,0.7428571428571429
fakenewsnet,disinformation,auc,10,mlp_bert,0.9569664902998236
fakenewsnet,disinformation,accuracy,1,logreg_bert,0.9568965517241379
fakenewsnet,disinformation,f1,1,logreg_bert,0.9253731343283582
fakenewsnet,disinformation,precision,1,logreg_bert,0.96875
fakenewsnet,disinformation,recall,1,logreg_bert,0.8857142857142857
fakenewsnet,disinformation,auc,1,logreg_bert,0.9929453262786596
fakenewsnet,disinformation,accuracy,2,logreg_bert,0.9396551724137931
fakenewsnet,disinformation,f1,2,logreg_bert,0.8923076923076924
fakenewsnet,disinformation,precision,2,logreg_bert,0.9666666666666667
fakenewsnet,disinformation,recall,2,logreg_bert,0.8285714285714286
fakenewsnet,disinformation,auc,2,logreg_bert,0.9802469135802468
fakenewsnet,disinformation,accuracy,3,logreg_bert,0.9568965517241379
fakenewsnet,disinformation,f1,3,logreg_bert,0.9230769230769231
fakenewsnet,disinformation,precision,3,logreg_bert,1.0
fakenewsnet,disinformation,recall,3,logreg_bert,0.8571428571428571
fakenewsnet,disinformation,auc,3,logreg_bert,0.9795414462081129
fakenewsnet,disinformation,accuracy,4,logreg_bert,0.896551724137931
fakenewsnet,disinformation,f1,4,logreg_bert,0.8064516129032258
fakenewsnet,disinformation,precision,4,logreg_bert,0.9259259259259259
fakenewsnet,disinformation,recall,4,logreg_bert,0.7142857142857143
fakenewsnet,disinformation,auc,4,logreg_bert,0.9569664902998235
fakenewsnet,disinformation,accuracy,5,logreg_bert,0.9224137931034483
fakenewsnet,disinformation,f1,5,logreg_bert,0.8524590163934426
fakenewsnet,disinformation,precision,5,logreg_bert,1.0
fakenewsnet,disinformation,recall,5,logreg_bert,0.7428571428571429
fakenewsnet,disinformation,auc,5,logreg_bert,0.964021164021164
fakenewsnet,disinformation,accuracy,6,logreg_bert,0.896551724137931
fakenewsnet,disinformation,f1,6,logreg_bert,0.8064516129032258
fakenewsnet,disinformation,precision,6,logreg_bert,0.9259259259259259
fakenewsnet,disinformation,recall,6,logreg_bert,0.7142857142857143
fakenewsnet,disinformation,auc,6,logreg_bert,0.9347442680776014
fakenewsnet,disinformation,accuracy,7,logreg_bert,0.9137931034482759
fakenewsnet,disinformation,f1,7,logreg_bert,0.8333333333333334
fakenewsnet,disinformation,precision,7,logreg_bert,1.0
fakenewsnet,disinformation,recall,7,logreg_bert,0.7142857142857143
fakenewsnet,disinformation,auc,7,logreg_bert,0.9862433862433861
fakenewsnet,disinformation,accuracy,8,logreg_bert,0.9482758620689655
fakenewsnet,disinformation,f1,8,logreg_bert,0.90625
fakenewsnet,disinformation,precision,8,logreg_bert,1.0
fakenewsnet,disinformation,recall,8,logreg_bert,0.8285714285714286
fakenewsnet,disinformation,auc,8,logreg_bert,0.982363315696649
fakenewsnet,disinformation,accuracy,9,logreg_bert,0.9310344827586207
fakenewsnet,disinformation,f1,9,logreg_bert,0.8709677419354839
fakenewsnet,disinformation,precision,9,logreg_bert,1.0
fakenewsnet,disinformation,recall,9,logreg_bert,0.7714285714285715
fakenewsnet,disinformation,auc,9,logreg_bert,0.981657848324515
fakenewsnet,disinformation,accuracy,10,logreg_bert,0.9137931034482759
fakenewsnet,disinformation,f1,10,logreg_bert,0.8387096774193549
fakenewsnet,disinformation,precision,10,logreg_bert,0.9629629629629629
fakenewsnet,disinformation,recall,10,logreg_bert,0.7428571428571429
fakenewsnet,disinformation,auc,10,logreg_bert,0.9432098765432099
fakenewsnet,disinformation,accuracy,1,rf_bert,0.9741379310344828
fakenewsnet,disinformation,f1,1,rf_bert,0.9577464788732394
fakenewsnet,disinformation,precision,1,rf_bert,0.9444444444444444
fakenewsnet,disinformation,recall,1,rf_bert,0.9714285714285714
fakenewsnet,disinformation,auc,1,rf_bert,0.9947089947089948
fakenewsnet,disinformation,accuracy,2,rf_bert,0.9568965517241379
fakenewsnet,disinformation,f1,2,rf_bert,0.9253731343283582
fakenewsnet,disinformation,precision,2,rf_bert,0.96875
fakenewsnet,disinformation,recall,2,rf_bert,0.8857142857142857
fakenewsnet,disinformation,auc,2,rf_bert,0.9873015873015873
fakenewsnet,disinformation,accuracy,3,rf_bert,0.9396551724137931
fakenewsnet,disinformation,f1,3,rf_bert,0.8955223880597015
fakenewsnet,disinformation,precision,3,rf_bert,0.9375
fakenewsnet,disinformation,recall,3,rf_bert,0.8571428571428571
fakenewsnet,disinformation,auc,3,rf_bert,0.973015873015873
fakenewsnet,disinformation,accuracy,4,rf_bert,0.9482758620689655
fakenewsnet,disinformation,f1,4,rf_bert,0.9117647058823529
fakenewsnet,disinformation,precision,4,rf_bert,0.9393939393939394
fakenewsnet,disinformation,recall,4,rf_bert,0.8857142857142857
fakenewsnet,disinformation,auc,4,rf_bert,0.9793650793650793
fakenewsnet,disinformation,accuracy,5,rf_bert,0.9224137931034483
fakenewsnet,disinformation,f1,5,rf_bert,0.8615384615384616
fakenewsnet,disinformation,precision,5,rf_bert,0.9333333333333333
fakenewsnet,disinformation,recall,5,rf_bert,0.8
fakenewsnet,disinformation,auc,5,rf_bert,0.9460317460317461
fakenewsnet,disinformation,accuracy,6,rf_bert,0.9224137931034483
fakenewsnet,disinformation,f1,6,rf_bert,0.8656716417910447
fakenewsnet,disinformation,precision,6,rf_bert,0.90625
fakenewsnet,disinformation,recall,6,rf_bert,0.8285714285714286
fakenewsnet,disinformation,auc,6,rf_bert,0.9338624338624337
fakenewsnet,disinformation,accuracy,7,rf_bert,0.9568965517241379
fakenewsnet,disinformation,f1,7,rf_bert,0.927536231884058
fakenewsnet,disinformation,precision,7,rf_bert,0.9411764705882353
fakenewsnet,disinformation,recall,7,rf_bert,0.9142857142857143
fakenewsnet,disinformation,auc,7,rf_bert,0.9947089947089948
fakenewsnet,disinformation,accuracy,8,rf_bert,0.9568965517241379
fakenewsnet,disinformation,f1,8,rf_bert,0.927536231884058
fakenewsnet,disinformation,precision,8,rf_bert,0.9411764705882353
fakenewsnet,disinformation,recall,8,rf_bert,0.9142857142857143
fakenewsnet,disinformation,auc,8,rf_bert,0.9813051146384479
fakenewsnet,disinformation,accuracy,9,rf_bert,0.9482758620689655
fakenewsnet,disinformation,f1,9,rf_bert,0.90625
fakenewsnet,disinformation,precision,9,rf_bert,1.0
fakenewsnet,disinformation,recall,9,rf_bert,0.8285714285714286
fakenewsnet,disinformation,auc,9,rf_bert,0.9700176366843034
fakenewsnet,disinformation,accuracy,10,rf_bert,0.9310344827586207
fakenewsnet,disinformation,f1,10,rf_bert,0.8823529411764706
fakenewsnet,disinformation,precision,10,rf_bert,0.9090909090909091
fakenewsnet,disinformation,recall,10,rf_bert,0.8571428571428571
fakenewsnet,disinformation,auc,10,rf_bert,0.9435626102292769
fakenewsnet,disinformation,accuracy,1,xgboost_bert,0.9482758620689655
fakenewsnet,disinformation,f1,1,xgboost_bert,0.918918918918919
fakenewsnet,disinformation,precision,1,xgboost_bert,0.8717948717948718
fakenewsnet,disinformation,recall,1,xgboost_bert,0.9714285714285714
fakenewsnet,disinformation,auc,1,xgboost_bert,0.9925925925925926
fakenewsnet,disinformation,accuracy,2,xgboost_bert,0.9568965517241379
fakenewsnet,disinformation,f1,2,xgboost_bert,0.9295774647887324
fakenewsnet,disinformation,precision,2,xgboost_bert,0.9166666666666666
fakenewsnet,disinformation,recall,2,xgboost_bert,0.9428571428571428
fakenewsnet,disinformation,auc,2,xgboost_bert,0.9865961199294532
fakenewsnet,disinformation,accuracy,3,xgboost_bert,0.9310344827586207
fakenewsnet,disinformation,f1,3,xgboost_bert,0.8823529411764706
fakenewsnet,disinformation,precision,3,xgboost_bert,0.9090909090909091
fakenewsnet,disinformation,recall,3,xgboost_bert,0.8571428571428571
fakenewsnet,disinformation,auc,3,xgboost_bert,0.9710758377425044
fakenewsnet,disinformation,accuracy,4,xgboost_bert,0.9396551724137931
fakenewsnet,disinformation,f1,4,xgboost_bert,0.8955223880597015
fakenewsnet,disinformation,precision,4,xgboost_bert,0.9375
fakenewsnet,disinformation,recall,4,xgboost_bert,0.8571428571428571
fakenewsnet,disinformation,auc,4,xgboost_bert,0.9756613756613757
fakenewsnet,disinformation,accuracy,5,xgboost_bert,0.9310344827586207
fakenewsnet,disinformation,f1,5,xgboost_bert,0.8787878787878788
fakenewsnet,disinformation,precision,5,xgboost_bert,0.9354838709677419
fakenewsnet,disinformation,recall,5,xgboost_bert,0.8285714285714286
fakenewsnet,disinformation,auc,5,xgboost_bert,0.9590828924162258
fakenewsnet,disinformation,accuracy,6,xgboost_bert,0.9051724137931034
fakenewsnet,disinformation,f1,6,xgboost_bert,0.8405797101449275
fakenewsnet,disinformation,precision,6,xgboost_bert,0.8529411764705882
fakenewsnet,disinformation,recall,6,xgboost_bert,0.8285714285714286
fakenewsnet,disinformation,auc,6,xgboost_bert,0.9527336860670194
fakenewsnet,disinformation,accuracy,7,xgboost_bert,0.9310344827586207
fakenewsnet,disinformation,f1,7,xgboost_bert,0.8823529411764706
fakenewsnet,disinformation,precision,7,xgboost_bert,0.9090909090909091
fakenewsnet,disinformation,recall,7,xgboost_bert,0.8571428571428571
fakenewsnet,disinformation,auc,7,xgboost_bert,0.9925925925925926
fakenewsnet,disinformation,accuracy,8,xgboost_bert,0.9396551724137931
fakenewsnet,disinformation,f1,8,xgboost_bert,0.9014084507042254
fakenewsnet,disinformation,precision,8,xgboost_bert,0.8888888888888888
fakenewsnet,disinformation,recall,8,xgboost_bert,0.9142857142857143
fakenewsnet,disinformation,auc,8,xgboost_bert,0.9858906525573192
fakenewsnet,disinformation,accuracy,9,xgboost_bert,0.9224137931034483
fakenewsnet,disinformation,f1,9,xgboost_bert,0.8571428571428571
fakenewsnet,disinformation,precision,9,xgboost_bert,0.9642857142857143
fakenewsnet,disinformation,recall,9,xgboost_bert,0.7714285714285715
fakenewsnet,disinformation,auc,9,xgboost_bert,0.9795414462081129
fakenewsnet,disinformation,accuracy,10,xgboost_bert,0.896551724137931
fakenewsnet,disinformation,f1,10,xgboost_bert,0.8181818181818182
fakenewsnet,disinformation,precision,10,xgboost_bert,0.8709677419354839
fakenewsnet,disinformation,recall,10,xgboost_bert,0.7714285714285715
fakenewsnet,disinformation,auc,10,xgboost_bert,0.9590828924162258
fakenewsnet,disinformation,accuracy,1,mlp_mistral,0.9310344827586207
fakenewsnet,disinformation,f1,1,mlp_mistral,0.8857142857142857
fakenewsnet,disinformation,precision,1,mlp_mistral,0.8857142857142857
fakenewsnet,disinformation,recall,1,mlp_mistral,0.8857142857142857
fakenewsnet,disinformation,auc,1,mlp_mistral,0.982010582010582
fakenewsnet,disinformation,accuracy,2,mlp_mistral,0.9568965517241379
fakenewsnet,disinformation,f1,2,mlp_mistral,0.9295774647887324
fakenewsnet,disinformation,precision,2,mlp_mistral,0.9166666666666666
fakenewsnet,disinformation,recall,2,mlp_mistral,0.9428571428571428
fakenewsnet,disinformation,auc,2,mlp_mistral,0.9947089947089947
fakenewsnet,disinformation,accuracy,3,mlp_mistral,0.9482758620689655
fakenewsnet,disinformation,f1,3,mlp_mistral,0.9117647058823529
fakenewsnet,disinformation,precision,3,mlp_mistral,0.9393939393939394
fakenewsnet,disinformation,recall,3,mlp_mistral,0.8857142857142857
fakenewsnet,disinformation,auc,3,mlp_mistral,0.9827160493827161
fakenewsnet,disinformation,accuracy,4,mlp_mistral,0.9224137931034483
fakenewsnet,disinformation,f1,4,mlp_mistral,0.8524590163934426
fakenewsnet,disinformation,precision,4,mlp_mistral,1.0
fakenewsnet,disinformation,recall,4,mlp_mistral,0.7428571428571429
fakenewsnet,disinformation,auc,4,mlp_mistral,0.9837742504409172
fakenewsnet,disinformation,accuracy,5,mlp_mistral,0.9568965517241379
fakenewsnet,disinformation,f1,5,mlp_mistral,0.9230769230769231
fakenewsnet,disinformation,precision,5,mlp_mistral,1.0
fakenewsnet,disinformation,recall,5,mlp_mistral,0.8571428571428571
fakenewsnet,disinformation,auc,5,mlp_mistral,0.9675485008818343
fakenewsnet,disinformation,accuracy,6,mlp_mistral,0.9310344827586207
fakenewsnet,disinformation,f1,6,mlp_mistral,0.875
fakenewsnet,disinformation,precision,6,mlp_mistral,0.9655172413793104
fakenewsnet,disinformation,recall,6,mlp_mistral,0.8
fakenewsnet,disinformation,auc,6,mlp_mistral,0.9668430335097002
fakenewsnet,disinformation,accuracy,7,mlp_mistral,0.9655172413793104
fakenewsnet,disinformation,f1,7,mlp_mistral,0.9428571428571428
fakenewsnet,disinformation,precision,7,mlp_mistral,0.9428571428571428
fakenewsnet,disinformation,recall,7,mlp_mistral,0.9428571428571428
fakenewsnet,disinformation,auc,7,mlp_mistral,0.9915343915343915
fakenewsnet,disinformation,accuracy,8,mlp_mistral,0.9568965517241379
fakenewsnet,disinformation,f1,8,mlp_mistral,0.927536231884058
fakenewsnet,disinformation,precision,8,mlp_mistral,0.9411764705882353
fakenewsnet,disinformation,recall,8,mlp_mistral,0.9142857142857143
fakenewsnet,disinformation,auc,8,mlp_mistral,0.9869488536155203
fakenewsnet,disinformation,accuracy,9,mlp_mistral,0.9396551724137931
fakenewsnet,disinformation,f1,9,mlp_mistral,0.8888888888888888
fakenewsnet,disinformation,precision,9,mlp_mistral,1.0
fakenewsnet,disinformation,recall,9,mlp_mistral,0.8
fakenewsnet,disinformation,auc,9,mlp_mistral,0.982363315696649
fakenewsnet,disinformation,accuracy,10,mlp_mistral,0.9396551724137931
fakenewsnet,disinformation,f1,10,mlp_mistral,0.8888888888888888
fakenewsnet,disinformation,precision,10,mlp_mistral,1.0
fakenewsnet,disinformation,recall,10,mlp_mistral,0.8
fakenewsnet,disinformation,auc,10,mlp_mistral,0.9668430335097001
fakenewsnet,disinformation,accuracy,1,logreg_mistral,0.8620689655172413
fakenewsnet,disinformation,f1,1,logreg_mistral,0.7037037037037037
fakenewsnet,disinformation,precision,1,logreg_mistral,1.0
fakenewsnet,disinformation,recall,1,logreg_mistral,0.5428571428571428
fakenewsnet,disinformation,auc,1,logreg_mistral,0.9855379188712521
fakenewsnet,disinformation,accuracy,2,logreg_mistral,0.896551724137931
fakenewsnet,disinformation,f1,2,logreg_mistral,0.7931034482758621
fakenewsnet,disinformation,precision,2,logreg_mistral,1.0
fakenewsnet,disinformation,recall,2,logreg_mistral,0.6571428571428571
fakenewsnet,disinformation,auc,2,logreg_mistral,0.9943562610229277
fakenewsnet,disinformation,accuracy,3,logreg_mistral,0.8706896551724138
fakenewsnet,disinformation,f1,3,logreg_mistral,0.7272727272727273
fakenewsnet,disinformation,precision,3,logreg_mistral,1.0
fakenewsnet,disinformation,recall,3,logreg_mistral,0.5714285714285714
fakenewsnet,disinformation,auc,3,logreg_mistral,0.983068783068783
fakenewsnet,disinformation,accuracy,4,logreg_mistral,0.8879310344827587
fakenewsnet,disinformation,f1,4,logreg_mistral,0.7719298245614035
fakenewsnet,disinformation,precision,4,logreg_mistral,1.0
fakenewsnet,disinformation,recall,4,logreg_mistral,0.6285714285714286
fakenewsnet,disinformation,auc,4,logreg_mistral,0.9844797178130512
fakenewsnet,disinformation,accuracy,5,logreg_mistral,0.8275862068965517
fakenewsnet,disinformation,f1,5,logreg_mistral,0.6
fakenewsnet,disinformation,precision,5,logreg_mistral,1.0
fakenewsnet,disinformation,recall,5,logreg_mistral,0.42857142857142855
fakenewsnet,disinformation,auc,5,logreg_mistral,0.9721340388007055
fakenewsnet,disinformation,accuracy,6,logreg_mistral,0.8620689655172413
fakenewsnet,disinformation,f1,6,logreg_mistral,0.7037037037037037
fakenewsnet,disinformation,precision,6,logreg_mistral,1.0
fakenewsnet,disinformation,recall,6,logreg_mistral,0.5428571428571428
fakenewsnet,disinformation,auc,6,logreg_mistral,0.965079365079365
fakenewsnet,disinformation,accuracy,7,logreg_mistral,0.8620689655172413
fakenewsnet,disinformation,f1,7,logreg_mistral,0.7037037037037037
fakenewsnet,disinformation,precision,7,logreg_mistral,1.0
fakenewsnet,disinformation,recall,7,logreg_mistral,0.5428571428571428
fakenewsnet,disinformation,auc,7,logreg_mistral,0.9918871252204586
fakenewsnet,disinformation,accuracy,8,logreg_mistral,0.8879310344827587
fakenewsnet,disinformation,f1,8,logreg_mistral,0.7719298245614035
fakenewsnet,disinformation,precision,8,logreg_mistral,1.0
fakenewsnet,disinformation,recall,8,logreg_mistral,0.6285714285714286
fakenewsnet,disinformation,auc,8,logreg_mistral,0.9876543209876543
fakenewsnet,disinformation,accuracy,9,logreg_mistral,0.8620689655172413
fakenewsnet,disinformation,f1,9,logreg_mistral,0.7037037037037037
fakenewsnet,disinformation,precision,9,logreg_mistral,1.0
fakenewsnet,disinformation,recall,9,logreg_mistral,0.5428571428571428
fakenewsnet,disinformation,auc,9,logreg_mistral,0.9841269841269842
fakenewsnet,disinformation,accuracy,10,logreg_mistral,0.8706896551724138
fakenewsnet,disinformation,f1,10,logreg_mistral,0.7272727272727273
fakenewsnet,disinformation,precision,10,logreg_mistral,1.0
fakenewsnet,disinformation,recall,10,logreg_mistral,0.5714285714285714
fakenewsnet,disinformation,auc,10,logreg_mistral,0.9714285714285714
fakenewsnet,disinformation,accuracy,1,rf_mistral,0.9051724137931034
fakenewsnet,disinformation,f1,1,rf_mistral,0.8253968253968254
fakenewsnet,disinformation,precision,1,rf_mistral,0.9285714285714286
fakenewsnet,disinformation,recall,1,rf_mistral,0.7428571428571429
fakenewsnet,disinformation,auc,1,rf_mistral,0.9677248677248677
fakenewsnet,disinformation,accuracy,2,rf_mistral,0.9482758620689655
fakenewsnet,disinformation,f1,2,rf_mistral,0.9090909090909091
fakenewsnet,disinformation,precision,2,rf_mistral,0.967741935483871
fakenewsnet,disinformation,recall,2,rf_mistral,0.8571428571428571
fakenewsnet,disinformation,auc,2,rf_mistral,0.9954144620811288
fakenewsnet,disinformation,accuracy,3,rf_mistral,0.9396551724137931
fakenewsnet,disinformation,f1,3,rf_mistral,0.8985507246376812
fakenewsnet,disinformation,precision,3,rf_mistral,0.9117647058823529
fakenewsnet,disinformation,recall,3,rf_mistral,0.8857142857142857
fakenewsnet,disinformation,auc,3,rf_mistral,0.9437389770723106
fakenewsnet,disinformation,accuracy,4,rf_mistral,0.9310344827586207
fakenewsnet,disinformation,f1,4,rf_mistral,0.875
fakenewsnet,disinformation,precision,4,rf_mistral,0.9655172413793104
fakenewsnet,disinformation,recall,4,rf_mistral,0.8
fakenewsnet,disinformation,auc,4,rf_mistral,0.9663139329805996
fakenewsnet,disinformation,accuracy,5,rf_mistral,0.9137931034482759
fakenewsnet,disinformation,f1,5,rf_mistral,0.8333333333333334
fakenewsnet,disinformation,precision,5,rf_mistral,1.0
fakenewsnet,disinformation,recall,5,rf_mistral,0.7142857142857143
fakenewsnet,disinformation,auc,5,rf_mistral,0.933862433862434
fakenewsnet,disinformation,accuracy,6,rf_mistral,0.9137931034482759
fakenewsnet,disinformation,f1,6,rf_mistral,0.84375
fakenewsnet,disinformation,precision,6,rf_mistral,0.9310344827586207
fakenewsnet,disinformation,recall,6,rf_mistral,0.7714285714285715
fakenewsnet,disinformation,auc,6,rf_mistral,0.9213403880070545
fakenewsnet,disinformation,accuracy,7,rf_mistral,0.9482758620689655
fakenewsnet,disinformation,f1,7,rf_mistral,0.90625
fakenewsnet,disinformation,precision,7,rf_mistral,1.0
fakenewsnet,disinformation,recall,7,rf_mistral,0.8285714285714286
fakenewsnet,disinformation,auc,7,rf_mistral,0.9918871252204585
fakenewsnet,disinformation,accuracy,8,rf_mistral,0.9482758620689655
fakenewsnet,disinformation,f1,8,rf_mistral,0.9142857142857143
fakenewsnet,disinformation,precision,8,rf_mistral,0.9142857142857143
fakenewsnet,disinformation,recall,8,rf_mistral,0.9142857142857143
fakenewsnet,disinformation,auc,8,rf_mistral,0.980246913580247
fakenewsnet,disinformation,accuracy,9,rf_mistral,0.9224137931034483
fakenewsnet,disinformation,f1,9,rf_mistral,0.8524590163934426
fakenewsnet,disinformation,precision,9,rf_mistral,1.0
fakenewsnet,disinformation,recall,9,rf_mistral,0.7428571428571429
fakenewsnet,disinformation,auc,9,rf_mistral,0.9566137566137566
fakenewsnet,disinformation,accuracy,10,rf_mistral,0.9224137931034483
fakenewsnet,disinformation,f1,10,rf_mistral,0.8615384615384616
fakenewsnet,disinformation,precision,10,rf_mistral,0.9333333333333333
fakenewsnet,disinformation,recall,10,rf_mistral,0.8
fakenewsnet,disinformation,auc,10,rf_mistral,0.9047619047619048
fakenewsnet,disinformation,accuracy,1,xgboost_mistral,0.8879310344827587
fakenewsnet,disinformation,f1,1,xgboost_mistral,0.8
fakenewsnet,disinformation,precision,1,xgboost_mistral,0.8666666666666667
fakenewsnet,disinformation,recall,1,xgboost_mistral,0.7428571428571429
fakenewsnet,disinformation,auc,1,xgboost_mistral,0.9700176366843034
fakenewsnet,disinformation,accuracy,2,xgboost_mistral,0.9310344827586207
fakenewsnet,disinformation,f1,2,xgboost_mistral,0.8857142857142857
fakenewsnet,disinformation,precision,2,xgboost_mistral,0.8857142857142857
fakenewsnet,disinformation,recall,2,xgboost_mistral,0.8857142857142857
fakenewsnet,disinformation,auc,2,xgboost_mistral,0.9837742504409172
fakenewsnet,disinformation,accuracy,3,xgboost_mistral,0.9310344827586207
fakenewsnet,disinformation,f1,3,xgboost_mistral,0.8888888888888888
fakenewsnet,disinformation,precision,3,xgboost_mistral,0.8648648648648649
fakenewsnet,disinformation,recall,3,xgboost_mistral,0.9142857142857143
fakenewsnet,disinformation,auc,3,xgboost_mistral,0.9541446208112874
fakenewsnet,disinformation,accuracy,4,xgboost_mistral,0.9224137931034483
fakenewsnet,disinformation,f1,4,xgboost_mistral,0.8615384615384616
fakenewsnet,disinformation,precision,4,xgboost_mistral,0.9333333333333333
fakenewsnet,disinformation,recall,4,xgboost_mistral,0.8
fakenewsnet,disinformation,auc,4,xgboost_mistral,0.9668430335097002
fakenewsnet,disinformation,accuracy,5,xgboost_mistral,0.9137931034482759
fakenewsnet,disinformation,f1,5,xgboost_mistral,0.8484848484848485
fakenewsnet,disinformation,precision,5,xgboost_mistral,0.9032258064516129
fakenewsnet,disinformation,recall,5,xgboost_mistral,0.8
fakenewsnet,disinformation,auc,5,xgboost_mistral,0.9481481481481481
fakenewsnet,disinformation,accuracy,6,xgboost_mistral,0.896551724137931
fakenewsnet,disinformation,f1,6,xgboost_mistral,0.8181818181818182
fakenewsnet,disinformation,precision,6,xgboost_mistral,0.8709677419354839
fakenewsnet,disinformation,recall,6,xgboost_mistral,0.7714285714285715
fakenewsnet,disinformation,auc,6,xgboost_mistral,0.9336860670194004
fakenewsnet,disinformation,accuracy,7,xgboost_mistral,0.9396551724137931
fakenewsnet,disinformation,f1,7,xgboost_mistral,0.8923076923076924
fakenewsnet,disinformation,precision,7,xgboost_mistral,0.9666666666666667
fakenewsnet,disinformation,recall,7,xgboost_mistral,0.8285714285714286
fakenewsnet,disinformation,auc,7,xgboost_mistral,0.9883597883597883
fakenewsnet,disinformation,accuracy,8,xgboost_mistral,0.9482758620689655
fakenewsnet,disinformation,f1,8,xgboost_mistral,0.9142857142857143
fakenewsnet,disinformation,precision,8,xgboost_mistral,0.9142857142857143
fakenewsnet,disinformation,recall,8,xgboost_mistral,0.9142857142857143
fakenewsnet,disinformation,auc,8,xgboost_mistral,0.9869488536155203
fakenewsnet,disinformation,accuracy,9,xgboost_mistral,0.9137931034482759
fakenewsnet,disinformation,f1,9,xgboost_mistral,0.8387096774193549
fakenewsnet,disinformation,precision,9,xgboost_mistral,0.9629629629629629
fakenewsnet,disinformation,recall,9,xgboost_mistral,0.7428571428571429
fakenewsnet,disinformation,auc,9,xgboost_mistral,0.9601410934744268
fakenewsnet,disinformation,accuracy,10,xgboost_mistral,0.9310344827586207
fakenewsnet,disinformation,f1,10,xgboost_mistral,0.8823529411764706
fakenewsnet,disinformation,precision,10,xgboost_mistral,0.9090909090909091
fakenewsnet,disinformation,recall,10,xgboost_mistral,0.8571428571428571
fakenewsnet,disinformation,auc,10,xgboost_mistral,0.909347442680776
fakenewsnet,virality,accuracy,1,mlp_bert,0.7758620689655172
fakenewsnet,virality,f1,1,mlp_bert,0.796875
fakenewsnet,virality,precision,1,mlp_bert,0.7285714285714285
fakenewsnet,virality,recall,1,mlp_bert,0.8793103448275862
fakenewsnet,virality,auc,1,mlp_bert,0.7928061831153389
fakenewsnet,virality,accuracy,2,mlp_bert,0.7758620689655172
fakenewsnet,virality,f1,2,mlp_bert,0.7903225806451613
fakenewsnet,virality,precision,2,mlp_bert,0.7424242424242424
fakenewsnet,virality,recall,2,mlp_bert,0.8448275862068966
fakenewsnet,virality,auc,2,mlp_bert,0.8272889417360285
fakenewsnet,virality,accuracy,3,mlp_bert,0.75
fakenewsnet,virality,f1,3,mlp_bert,0.7851851851851852
fakenewsnet,virality,precision,3,mlp_bert,0.6883116883116883
fakenewsnet,virality,recall,3,mlp_bert,0.9137931034482759
fakenewsnet,virality,auc,3,mlp_bert,0.8020214030915577
fakenewsnet,virality,accuracy,4,mlp_bert,0.7155172413793104
fakenewsnet,virality,f1,4,mlp_bert,0.7480916030534351
fakenewsnet,virality,precision,4,mlp_bert,0.6712328767123288
fakenewsnet,virality,recall,4,mlp_bert,0.8448275862068966
fakenewsnet,virality,auc,4,mlp_bert,0.7627824019024971
fakenewsnet,virality,accuracy,5,mlp_bert,0.6982758620689655
fakenewsnet,virality,f1,5,mlp_bert,0.7154471544715447
fakenewsnet,virality,precision,5,mlp_bert,0.676923076923077
fakenewsnet,virality,recall,5,mlp_bert,0.7586206896551724
fakenewsnet,virality,auc,5,mlp_bert,0.7699167657550535
fakenewsnet,virality,accuracy,6,mlp_bert,0.6896551724137931
fakenewsnet,virality,f1,6,mlp_bert,0.6949152542372882
fakenewsnet,virality,precision,6,mlp_bert,0.6833333333333333
fakenewsnet,virality,recall,6,mlp_bert,0.7068965517241379
fakenewsnet,virality,auc,6,mlp_bert,0.7922116527942925
fakenewsnet,virality,accuracy,7,mlp_bert,0.7758620689655172
fakenewsnet,virality,f1,7,mlp_bert,0.8088235294117647
fakenewsnet,virality,precision,7,mlp_bert,0.7051282051282052
fakenewsnet,virality,recall,7,mlp_bert,0.9482758620689655
fakenewsnet,virality,auc,7,mlp_bert,0.8436385255648038
fakenewsnet,virality,accuracy,8,mlp_bert,0.7672413793103449
fakenewsnet,virality,f1,8,mlp_bert,0.7906976744186046
fakenewsnet,virality,precision,8,mlp_bert,0.7183098591549296
fakenewsnet,virality,recall,8,mlp_bert,0.8793103448275862
fakenewsnet,virality,auc,8,mlp_bert,0.8332342449464922
fakenewsnet,virality,accuracy,9,mlp_bert,0.75
fakenewsnet,virality,f1,9,mlp_bert,0.7913669064748201
fakenewsnet,virality,precision,9,mlp_bert,0.6790123456790124
fakenewsnet,virality,recall,9,mlp_bert,0.9482758620689655
fakenewsnet,virality,auc,9,mlp_bert,0.8195600475624256
fakenewsnet,virality,accuracy,10,mlp_bert,0.7844827586206896
fakenewsnet,virality,f1,10,mlp_bert,0.8
fakenewsnet,virality,precision,10,mlp_bert,0.746268656716418
fakenewsnet,virality,recall,10,mlp_bert,0.8620689655172413
fakenewsnet,virality,auc,10,mlp_bert,0.8213436385255648
fakenewsnet,virality,accuracy,1,logreg_bert,0.7586206896551724
fakenewsnet,virality,f1,1,logreg_bert,0.7777777777777778
fakenewsnet,virality,precision,1,logreg_bert,0.7205882352941176
fakenewsnet,virality,recall,1,logreg_bert,0.8448275862068966
fakenewsnet,virality,auc,1,logreg_bert,0.7847800237812128
fakenewsnet,virality,accuracy,2,logreg_bert,0.7672413793103449
fakenewsnet,virality,f1,2,logreg_bert,0.7768595041322314
fakenewsnet,virality,precision,2,logreg_bert,0.746031746031746
fakenewsnet,virality,recall,2,logreg_bert,0.8103448275862069
fakenewsnet,virality,auc,2,logreg_bert,0.8314506539833532
fakenewsnet,virality,accuracy,3,logreg_bert,0.7413793103448276
fakenewsnet,virality,f1,3,logreg_bert,0.7540983606557377
fakenewsnet,virality,precision,3,logreg_bert,0.71875
fakenewsnet,virality,recall,3,logreg_bert,0.7931034482758621
fakenewsnet,virality,auc,3,logreg_bert,0.8082639714625446
fakenewsnet,virality,accuracy,4,logreg_bert,0.6982758620689655
fakenewsnet,virality,f1,4,logreg_bert,0.7244094488188977
fakenewsnet,virality,precision,4,logreg_bert,0.6666666666666666
fakenewsnet,virality,recall,4,logreg_bert,0.7931034482758621
fakenewsnet,virality,auc,4,logreg_bert,0.7669441141498217
fakenewsnet,virality,accuracy,5,logreg_bert,0.7068965517241379
fakenewsnet,virality,f1,5,logreg_bert,0.7301587301587301
fakenewsnet,virality,precision,5,logreg_bert,0.6764705882352942
fakenewsnet,virality,recall,5,logreg_bert,0.7931034482758621
fakenewsnet,virality,auc,5,logreg_bert,0.7797265160523187
fakenewsnet,virality,accuracy,6,logreg_bert,0.7068965517241379
fakenewsnet,virality,f1,6,logreg_bert,0.734375
fakenewsnet,virality,precision,6,logreg_bert,0.6714285714285714
fakenewsnet,virality,recall,6,logreg_bert,0.8103448275862069
fakenewsnet,virality,auc,6,logreg_bert,0.7990487514863258
fakenewsnet,virality,accuracy,7,logreg_bert,0.7586206896551724
fakenewsnet,virality,f1,7,logreg_bert,0.7627118644067796
fakenewsnet,virality,precision,7,logreg_bert,0.75
fakenewsnet,virality,recall,7,logreg_bert,0.7758620689655172
fakenewsnet,virality,auc,7,logreg_bert,0.8385850178359096
fakenewsnet,virality,accuracy,8,logreg_bert,0.7758620689655172
fakenewsnet,virality,f1,8,logreg_bert,0.7936507936507936
fakenewsnet,virality,precision,8,logreg_bert,0.7352941176470589
fakenewsnet,virality,recall,8,logreg_bert,0.8620689655172413
fakenewsnet,virality,auc,8,logreg_bert,0.8228299643281807
fakenewsnet,virality,accuracy,9,logreg_bert,0.7844827586206896
fakenewsnet,virality,f1,9,logreg_bert,0.7933884297520661
fakenewsnet,virality,precision,9,logreg_bert,0.7619047619047619
fakenewsnet,virality,recall,9,logreg_bert,0.8275862068965517
fakenewsnet,virality,auc,9,logreg_bert,0.8255053507728894
fakenewsnet,virality,accuracy,10,logreg_bert,0.7931034482758621
fakenewsnet,virality,f1,10,logreg_bert,0.8095238095238095
fakenewsnet,virality,precision,10,logreg_bert,0.75
fakenewsnet,virality,recall,10,logreg_bert,0.8793103448275862
fakenewsnet,virality,auc,10,logreg_bert,0.8287752675386444
fakenewsnet,virality,accuracy,1,rf_bert,0.7586206896551724
fakenewsnet,virality,f1,1,rf_bert,0.7586206896551724
fakenewsnet,virality,precision,1,rf_bert,0.7586206896551724
fakenewsnet,virality,recall,1,rf_bert,0.7586206896551724
fakenewsnet,virality,auc,1,rf_bert,0.8595422116527942
fakenewsnet,virality,accuracy,2,rf_bert,0.7844827586206896
fakenewsnet,virality,f1,2,rf_bert,0.7863247863247863
fakenewsnet,virality,precision,2,rf_bert,0.7796610169491526
fakenewsnet,virality,recall,2,rf_bert,0.7931034482758621
fakenewsnet,virality,auc,2,rf_bert,0.8689060642092747
fakenewsnet,virality,accuracy,3,rf_bert,0.7672413793103449
fakenewsnet,virality,f1,3,rf_bert,0.7804878048780488
fakenewsnet,virality,precision,3,rf_bert,0.7384615384615385
fakenewsnet,virality,recall,3,rf_bert,0.8275862068965517
fakenewsnet,virality,auc,3,rf_bert,0.8858501783590964
fakenewsnet,virality,accuracy,4,rf_bert,0.7068965517241379
fakenewsnet,virality,f1,4,rf_bert,0.711864406779661
fakenewsnet,virality,precision,4,rf_bert,0.7
fakenewsnet,virality,recall,4,rf_bert,0.7241379310344828
fakenewsnet,virality,auc,4,rf_bert,0.796076099881094
fakenewsnet,virality,accuracy,5,rf_bert,0.7672413793103449
fakenewsnet,virality,f1,5,rf_bert,0.7768595041322314
fakenewsnet,virality,precision,5,rf_bert,0.746031746031746
fakenewsnet,virality,recall,5,rf_bert,0.8103448275862069
fakenewsnet,virality,auc,5,rf_bert,0.8417063020214031
fakenewsnet,virality,accuracy,6,rf_bert,0.7327586206896551
fakenewsnet,virality,f1,6,rf_bert,0.7304347826086957
fakenewsnet,virality,precision,6,rf_bert,0.7368421052631579
fakenewsnet,virality,recall,6,rf_bert,0.7241379310344828
fakenewsnet,virality,auc,6,rf_bert,0.8532996432818074
fakenewsnet,virality,accuracy,7,rf_bert,0.8189655172413793
fakenewsnet,virality,f1,7,rf_bert,0.8108108108108109
fakenewsnet,virality,precision,7,rf_bert,0.8490566037735849
fakenewsnet,virality,recall,7,rf_bert,0.7758620689655172
fakenewsnet,virality,auc,7,rf_bert,0.9112663495838288
fakenewsnet,virality,accuracy,8,rf_bert,0.7586206896551724
fakenewsnet,virality,f1,8,rf_bert,0.7627118644067796
fakenewsnet,virality,precision,8,rf_bert,0.75
fakenewsnet,virality,recall,8,rf_bert,0.7758620689655172
fakenewsnet,virality,auc,8,rf_bert,0.8616230677764566
fakenewsnet,virality,accuracy,9,rf_bert,0.7327586206896551
fakenewsnet,virality,f1,9,rf_bert,0.7304347826086957
fakenewsnet,virality,precision,9,rf_bert,0.7368421052631579
fakenewsnet,virality,recall,9,rf_bert,0.7241379310344828
fakenewsnet,virality,auc,9,rf_bert,0.8501783590963139
fakenewsnet,virality,accuracy,10,rf_bert,0.7844827586206896
fakenewsnet,virality,f1,10,rf_bert,0.7967479674796748
fakenewsnet,virality,precision,10,rf_bert,0.7538461538461538
fakenewsnet,virality,recall,10,rf_bert,0.8448275862068966
fakenewsnet,virality,auc,10,rf_bert,0.8865933412604042
fakenewsnet,virality,accuracy,1,xgboost_bert,0.7672413793103449
fakenewsnet,virality,f1,1,xgboost_bert,0.7652173913043478
fakenewsnet,virality,precision,1,xgboost_bert,0.7719298245614035
fakenewsnet,virality,recall,1,xgboost_bert,0.7586206896551724
fakenewsnet,virality,auc,1,xgboost_bert,0.8528537455410226
fakenewsnet,virality,accuracy,2,xgboost_bert,0.7672413793103449
fakenewsnet,virality,f1,2,xgboost_bert,0.7692307692307693
fakenewsnet,virality,precision,2,xgboost_bert,0.7627118644067796
fakenewsnet,virality,recall,2,xgboost_bert,0.7758620689655172
fakenewsnet,virality,auc,2,xgboost_bert,0.8587990487514864
fakenewsnet,virality,accuracy,3,xgboost_bert,0.7931034482758621
fakenewsnet,virality,f1,3,xgboost_bert,0.8064516129032258
fakenewsnet,virality,precision,3,xgboost_bert,0.7575757575757576
fakenewsnet,virality,recall,3,xgboost_bert,0.8620689655172413
fakenewsnet,virality,auc,3,xgboost_bert,0.8807966706302022
fakenewsnet,virality,accuracy,4,xgboost_bert,0.7327586206896551
fakenewsnet,virality,f1,4,xgboost_bert,0.743801652892562
fakenewsnet,virality,precision,4,xgboost_bert,0.7142857142857143
fakenewsnet,virality,recall,4,xgboost_bert,0.7758620689655172
fakenewsnet,virality,auc,4,xgboost_bert,0.8118311533888228
fakenewsnet,virality,accuracy,5,xgboost_bert,0.75
fakenewsnet,virality,f1,5,xgboost_bert,0.7642276422764228
fakenewsnet,virality,precision,5,xgboost_bert,0.7230769230769231
fakenewsnet,virality,recall,5,xgboost_bert,0.8103448275862069
fakenewsnet,virality,auc,5,xgboost_bert,0.8543400713436385
fakenewsnet,virality,accuracy,6,xgboost_bert,0.75
fakenewsnet,virality,f1,6,xgboost_bert,0.7603305785123967
fakenewsnet,virality,precision,6,xgboost_bert,0.7301587301587301
fakenewsnet,virality,recall,6,xgboost_bert,0.7931034482758621
fakenewsnet,virality,auc,6,xgboost_bert,0.8498810939357907
fakenewsnet,virality,accuracy,7,xgboost_bert,0.8448275862068966
fakenewsnet,virality,f1,7,xgboost_bert,0.8448275862068966
fakenewsnet,virality,precision,7,xgboost_bert,0.8448275862068966
fakenewsnet,virality,recall,7,xgboost_bert,0.8448275862068966
fakenewsnet,virality,auc,7,xgboost_bert,0.9134958382877526
fakenewsnet,virality,accuracy,8,xgboost_bert,0.7586206896551724
fakenewsnet,virality,f1,8,xgboost_bert,0.7741935483870968
fakenewsnet,virality,precision,8,xgboost_bert,0.7272727272727273
fakenewsnet,virality,recall,8,xgboost_bert,0.8275862068965517
fakenewsnet,virality,auc,8,xgboost_bert,0.8564209274673008
fakenewsnet,virality,accuracy,9,xgboost_bert,0.7672413793103449
fakenewsnet,virality,f1,9,xgboost_bert,0.7652173913043478
fakenewsnet,virality,precision,9,xgboost_bert,0.7719298245614035
fakenewsnet,virality,recall,9,xgboost_bert,0.7586206896551724
fakenewsnet,virality,auc,9,xgboost_bert,0.8623662306777646
fakenewsnet,virality,accuracy,10,xgboost_bert,0.7672413793103449
fakenewsnet,virality,f1,10,xgboost_bert,0.7804878048780488
fakenewsnet,virality,precision,10,xgboost_bert,0.7384615384615385
fakenewsnet,virality,recall,10,xgboost_bert,0.8275862068965517
fakenewsnet,virality,auc,10,xgboost_bert,0.8727705112960761
fakenewsnet,virality,accuracy,1,mlp_mistral,0.7241379310344828
fakenewsnet,virality,f1,1,mlp_mistral,0.746031746031746
fakenewsnet,virality,precision,1,mlp_mistral,0.6911764705882353
fakenewsnet,virality,recall,1,mlp_mistral,0.8103448275862069
fakenewsnet,virality,auc,1,mlp_mistral,0.8225326991676576
fakenewsnet,virality,accuracy,2,mlp_mistral,0.7586206896551724
fakenewsnet,virality,f1,2,mlp_mistral,0.7878787878787878
fakenewsnet,virality,precision,2,mlp_mistral,0.7027027027027027
fakenewsnet,virality,recall,2,mlp_mistral,0.896551724137931
fakenewsnet,virality,auc,2,mlp_mistral,0.8237217598097503
fakenewsnet,virality,accuracy,3,mlp_mistral,0.7327586206896551
fakenewsnet,virality,f1,3,mlp_mistral,0.7769784172661871
fakenewsnet,virality,precision,3,mlp_mistral,0.6666666666666666
fakenewsnet,virality,recall,3,mlp_mistral,0.9310344827586207
fakenewsnet,virality,auc,3,mlp_mistral,0.7829964328180737
fakenewsnet,virality,accuracy,4,mlp_mistral,0.7413793103448276
fakenewsnet,virality,f1,4,mlp_mistral,0.7321428571428571
fakenewsnet,virality,precision,4,mlp_mistral,0.7592592592592593
fakenewsnet,virality,recall,4,mlp_mistral,0.7068965517241379
fakenewsnet,virality,auc,4,mlp_mistral,0.7779429250891795
fakenewsnet,virality,accuracy,5,mlp_mistral,0.7413793103448276
fakenewsnet,virality,f1,5,mlp_mistral,0.7692307692307693
fakenewsnet,virality,precision,5,mlp_mistral,0.6944444444444444
fakenewsnet,virality,recall,5,mlp_mistral,0.8620689655172413
fakenewsnet,virality,auc,5,mlp_mistral,0.7883472057074912
fakenewsnet,virality,accuracy,6,mlp_mistral,0.7413793103448276
fakenewsnet,virality,f1,6,mlp_mistral,0.7321428571428571
fakenewsnet,virality,precision,6,mlp_mistral,0.7592592592592593
fakenewsnet,virality,recall,6,mlp_mistral,0.7068965517241379
fakenewsnet,virality,auc,6,mlp_mistral,0.8162901307966706
fakenewsnet,virality,accuracy,7,mlp_mistral,0.7672413793103449
fakenewsnet,virality,f1,7,mlp_mistral,0.7522935779816514
fakenewsnet,virality,precision,7,mlp_mistral,0.803921568627451
fakenewsnet,virality,recall,7,mlp_mistral,0.7068965517241379
fakenewsnet,virality,auc,7,mlp_mistral,0.8573127229488704
fakenewsnet,virality,accuracy,8,mlp_mistral,0.75
fakenewsnet,virality,f1,8,mlp_mistral,0.7433628318584071
fakenewsnet,virality,precision,8,mlp_mistral,0.7636363636363637
fakenewsnet,virality,recall,8,mlp_mistral,0.7241379310344828
fakenewsnet,virality,auc,8,mlp_mistral,0.8097502972651605
fakenewsnet,virality,accuracy,9,mlp_mistral,0.7155172413793104
fakenewsnet,virality,f1,9,mlp_mistral,0.7272727272727273
fakenewsnet,virality,precision,9,mlp_mistral,0.6984126984126984
fakenewsnet,virality,recall,9,mlp_mistral,0.7586206896551724
fakenewsnet,virality,auc,9,mlp_mistral,0.7672413793103448
fakenewsnet,virality,accuracy,10,mlp_mistral,0.8275862068965517
fakenewsnet,virality,f1,10,mlp_mistral,0.8333333333333334
fakenewsnet,virality,precision,10,mlp_mistral,0.8064516129032258
fakenewsnet,virality,recall,10,mlp_mistral,0.8620689655172413
fakenewsnet,virality,auc,10,mlp_mistral,0.8480975029726516
fakenewsnet,virality,accuracy,1,logreg_mistral,0.7327586206896551
fakenewsnet,virality,f1,1,logreg_mistral,0.752
fakenewsnet,virality,precision,1,logreg_mistral,0.7014925373134329
fakenewsnet,virality,recall,1,logreg_mistral,0.8103448275862069
fakenewsnet,virality,auc,1,logreg_mistral,0.8231272294887039
fakenewsnet,virality,accuracy,2,logreg_mistral,0.7586206896551724
fakenewsnet,virality,f1,2,logreg_mistral,0.7777777777777778
fakenewsnet,virality,precision,2,logreg_mistral,0.7205882352941176
fakenewsnet,virality,recall,2,logreg_mistral,0.8448275862068966
fakenewsnet,virality,auc,2,logreg_mistral,0.8272889417360285
fakenewsnet,virality,accuracy,3,logreg_mistral,0.7413793103448276
fakenewsnet,virality,f1,3,logreg_mistral,0.7619047619047619
fakenewsnet,virality,precision,3,logreg_mistral,0.7058823529411765
fakenewsnet,virality,recall,3,logreg_mistral,0.8275862068965517
fakenewsnet,virality,auc,3,logreg_mistral,0.7794292508917955
fakenewsnet,virality,accuracy,4,logreg_mistral,0.7327586206896551
fakenewsnet,virality,f1,4,logreg_mistral,0.752
fakenewsnet,virality,precision,4,logreg_mistral,0.7014925373134329
fakenewsnet,virality,recall,4,logreg_mistral,0.8103448275862069
fakenewsnet,virality,auc,4,logreg_mistral,0.781807372175981
fakenewsnet,virality,accuracy,5,logreg_mistral,0.7413793103448276
fakenewsnet,virality,f1,5,logreg_mistral,0.7580645161290323
fakenewsnet,virality,precision,5,logreg_mistral,0.7121212121212122
fakenewsnet,virality,recall,5,logreg_mistral,0.8103448275862069
fakenewsnet,virality,auc,5,logreg_mistral,0.7910225921521998
fakenewsnet,virality,accuracy,6,logreg_mistral,0.7327586206896551
fakenewsnet,virality,f1,6,logreg_mistral,0.752
fakenewsnet,virality,precision,6,logreg_mistral,0.7014925373134329
fakenewsnet,virality,recall,6,logreg_mistral,0.8103448275862069
fakenewsnet,virality,auc,6,logreg_mistral,0.8011296076099881
fakenewsnet,virality,accuracy,7,logreg_mistral,0.8189655172413793
fakenewsnet,virality,f1,7,logreg_mistral,0.8264462809917356
fakenewsnet,virality,precision,7,logreg_mistral,0.7936507936507936
fakenewsnet,virality,recall,7,logreg_mistral,0.8620689655172413
fakenewsnet,virality,auc,7,logreg_mistral,0.8638525564803805
fakenewsnet,virality,accuracy,8,logreg_mistral,0.7586206896551724
fakenewsnet,virality,f1,8,logreg_mistral,0.7741935483870968
fakenewsnet,virality,precision,8,logreg_mistral,0.7272727272727273
fakenewsnet,virality,recall,8,logreg_mistral,0.8275862068965517
fakenewsnet,virality,auc,8,logreg_mistral,0.8023186682520809
fakenewsnet,virality,accuracy,9,logreg_mistral,0.7241379310344828
fakenewsnet,virality,f1,9,logreg_mistral,0.7419354838709677
fakenewsnet,virality,precision,9,logreg_mistral,0.696969696969697
fakenewsnet,virality,recall,9,logreg_mistral,0.7931034482758621
fakenewsnet,virality,auc,9,logreg_mistral,0.7657550535077289
fakenewsnet,virality,accuracy,10,logreg_mistral,0.8103448275862069
fakenewsnet,virality,f1,10,logreg_mistral,0.8225806451612904
fakenewsnet,virality,precision,10,logreg_mistral,0.7727272727272727
fakenewsnet,virality,recall,10,logreg_mistral,0.8793103448275862
fakenewsnet,virality,auc,10,logreg_mistral,0.8463139120095124
fakenewsnet,virality,accuracy,1,rf_mistral,0.7413793103448276
fakenewsnet,virality,f1,1,rf_mistral,0.7222222222222222
fakenewsnet,virality,precision,1,rf_mistral,0.78
fakenewsnet,virality,recall,1,rf_mistral,0.6724137931034483
fakenewsnet,virality,auc,1,rf_mistral,0.8524078478002377
fakenewsnet,virality,accuracy,2,rf_mistral,0.7931034482758621
fakenewsnet,virality,f1,2,rf_mistral,0.7857142857142857
fakenewsnet,virality,precision,2,rf_mistral,0.8148148148148148
fakenewsnet,virality,recall,2,rf_mistral,0.7586206896551724
fakenewsnet,virality,auc,2,rf_mistral,0.8660820451843043
fakenewsnet,virality,accuracy,3,rf_mistral,0.75
fakenewsnet,virality,f1,3,rf_mistral,0.7521367521367521
fakenewsnet,virality,precision,3,rf_mistral,0.7457627118644068
fakenewsnet,virality,recall,3,rf_mistral,0.7586206896551724
fakenewsnet,virality,auc,3,rf_mistral,0.8473543400713437
fakenewsnet,virality,accuracy,4,rf_mistral,0.7241379310344828
fakenewsnet,virality,f1,4,rf_mistral,0.7192982456140351
fakenewsnet,virality,precision,4,rf_mistral,0.7321428571428571
fakenewsnet,virality,recall,4,rf_mistral,0.7068965517241379
fakenewsnet,virality,auc,4,rf_mistral,0.7942925089179549
fakenewsnet,virality,accuracy,5,rf_mistral,0.7672413793103449
fakenewsnet,virality,f1,5,rf_mistral,0.7567567567567568
fakenewsnet,virality,precision,5,rf_mistral,0.7924528301886793
fakenewsnet,virality,recall,5,rf_mistral,0.7241379310344828
fakenewsnet,virality,auc,5,rf_mistral,0.8424494649227111
fakenewsnet,virality,accuracy,6,rf_mistral,0.7413793103448276
fakenewsnet,virality,f1,6,rf_mistral,0.7368421052631579
fakenewsnet,virality,precision,6,rf_mistral,0.75
fakenewsnet,virality,recall,6,rf_mistral,0.7241379310344828
fakenewsnet,virality,auc,6,rf_mistral,0.839179548156956
fakenewsnet,virality,accuracy,7,rf_mistral,0.7413793103448276
fakenewsnet,virality,f1,7,rf_mistral,0.7115384615384616
fakenewsnet,virality,precision,7,rf_mistral,0.8043478260869565
fakenewsnet,virality,recall,7,rf_mistral,0.6379310344827587
fakenewsnet,virality,auc,7,rf_mistral,0.9090368608799049
fakenewsnet,virality,accuracy,8,rf_mistral,0.7327586206896551
fakenewsnet,virality,f1,8,rf_mistral,0.7304347826086957
fakenewsnet,virality,precision,8,rf_mistral,0.7368421052631579
fakenewsnet,virality,recall,8,rf_mistral,0.7241379310344828
fakenewsnet,virality,auc,8,rf_mistral,0.8501783590963139
fakenewsnet,virality,accuracy,9,rf_mistral,0.6982758620689655
fakenewsnet,virality,f1,9,rf_mistral,0.6846846846846847
fakenewsnet,virality,precision,9,rf_mistral,0.7169811320754716
fakenewsnet,virality,recall,9,rf_mistral,0.6551724137931034
fakenewsnet,virality,auc,9,rf_mistral,0.7935493460166468
fakenewsnet,virality,accuracy,10,rf_mistral,0.8017241379310345
fakenewsnet,virality,f1,10,rf_mistral,0.8
fakenewsnet,virality,precision,10,rf_mistral,0.8070175438596491
fakenewsnet,virality,recall,10,rf_mistral,0.7931034482758621
fakenewsnet,virality,auc,10,rf_mistral,0.8975921521997622
fakenewsnet,virality,accuracy,1,xgboost_mistral,0.75
fakenewsnet,virality,f1,1,xgboost_mistral,0.7433628318584071
fakenewsnet,virality,precision,1,xgboost_mistral,0.7636363636363637
fakenewsnet,virality,recall,1,xgboost_mistral,0.7241379310344828
fakenewsnet,virality,auc,1,xgboost_mistral,0.8498810939357908
fakenewsnet,virality,accuracy,2,xgboost_mistral,0.7155172413793104
fakenewsnet,virality,f1,2,xgboost_mistral,0.7226890756302521
fakenewsnet,virality,precision,2,xgboost_mistral,0.7049180327868853
fakenewsnet,virality,recall,2,xgboost_mistral,0.7413793103448276
fakenewsnet,virality,auc,2,xgboost_mistral,0.8219381688466111
fakenewsnet,virality,accuracy,3,xgboost_mistral,0.75
fakenewsnet,virality,f1,3,xgboost_mistral,0.7563025210084033
fakenewsnet,virality,precision,3,xgboost_mistral,0.7377049180327869
fakenewsnet,virality,recall,3,xgboost_mistral,0.7758620689655172
fakenewsnet,virality,auc,3,xgboost_mistral,0.8252080856123661
fakenewsnet,virality,accuracy,4,xgboost_mistral,0.6637931034482759
fakenewsnet,virality,f1,4,xgboost_mistral,0.6776859504132231
fakenewsnet,virality,precision,4,xgboost_mistral,0.6507936507936508
fakenewsnet,virality,recall,4,xgboost_mistral,0.7068965517241379
fakenewsnet,virality,auc,4,xgboost_mistral,0.778834720570749
fakenewsnet,virality,accuracy,5,xgboost_mistral,0.6810344827586207
fakenewsnet,virality,f1,5,xgboost_mistral,0.6837606837606838
fakenewsnet,virality,precision,5,xgboost_mistral,0.6779661016949152
fakenewsnet,virality,recall,5,xgboost_mistral,0.6896551724137931
fakenewsnet,virality,auc,5,xgboost_mistral,0.821640903686088
fakenewsnet,virality,accuracy,6,xgboost_mistral,0.7672413793103449
fakenewsnet,virality,f1,6,xgboost_mistral,0.7768595041322314
fakenewsnet,virality,precision,6,xgboost_mistral,0.746031746031746
fakenewsnet,virality,recall,6,xgboost_mistral,0.8103448275862069
fakenewsnet,virality,auc,6,xgboost_mistral,0.8365041617122473
fakenewsnet,virality,accuracy,7,xgboost_mistral,0.8103448275862069
fakenewsnet,virality,f1,7,xgboost_mistral,0.8070175438596491
fakenewsnet,virality,precision,7,xgboost_mistral,0.8214285714285714
fakenewsnet,virality,recall,7,xgboost_mistral,0.7931034482758621
fakenewsnet,virality,auc,7,xgboost_mistral,0.8992271105826397
fakenewsnet,virality,accuracy,8,xgboost_mistral,0.75
fakenewsnet,virality,f1,8,xgboost_mistral,0.7563025210084033
fakenewsnet,virality,precision,8,xgboost_mistral,0.7377049180327869
fakenewsnet,virality,recall,8,xgboost_mistral,0.7758620689655172
fakenewsnet,virality,auc,8,xgboost_mistral,0.8353151010701546
fakenewsnet,virality,accuracy,9,xgboost_mistral,0.6810344827586207
fakenewsnet,virality,f1,9,xgboost_mistral,0.6837606837606838
fakenewsnet,virality,precision,9,xgboost_mistral,0.6779661016949152
fakenewsnet,virality,recall,9,xgboost_mistral,0.6896551724137931
fakenewsnet,virality,auc,9,xgboost_mistral,0.7684304399524375
fakenewsnet,virality,accuracy,10,xgboost_mistral,0.7931034482758621
fakenewsnet,virality,f1,10,xgboost_mistral,0.7931034482758621
fakenewsnet,virality,precision,10,xgboost_mistral,0.7931034482758621
fakenewsnet,virality,recall,10,xgboost_mistral,0.7931034482758621
fakenewsnet,virality,auc,10,xgboost_mistral,0.8733650416171225
